pad_number,x,y,via_x,via_y,connector_number,connector_pin,pin_name,sector,strip,channel_id,pin_x,pin_y,pad_angle,pad_cx,pad_cy,pad_area,pad_w,pad_h,radius,phi,delta_phi,mec8_connector,mec8_pin
0,528.784,59.593,517.423,58.45,0,3,S1,0,127,126,624.1874,69.6454,274.837,517.3762,58.3802,132.927,12.072,11.6203,568.1613,0.14158704,0.00118614,1,68
1,517.295,59.481,505.922,58.438,0,4,S2,0,128,127,632.4579,70.3453,274.837,505.8749,58.3679,132.908,12.0983,11.6488,556.7735,0.14429979,0.00271275,1,67
2,415.115,47.657,403.758,46.516,0,5,S3,0,125,124,624.2296,69.1472,274.837,403.7133,46.4462,132.67,12.0729,11.6443,453.9651,0.15089136,0.01295116,1,66
3,540.173,60.522,528.922,58.462,0,6,S4,0,126,125,632.5,69.8471,274.837,528.8743,58.392,132.95,12.0478,11.593,579.5679,0.1404009,-0.01049046,1,65
4,426.609,47.732,415.258,46.529,0,7,S5,0,123,122,624.2717,68.649,274.837,415.2133,46.4599,132.705,12.0419,11.6092,465.3427,0.1473378,0.01080907,1,64
5,551.654,60.676,540.417,58.473,0,8,S6,0,124,123,632.5422,69.3489,274.837,540.3691,58.4031,132.969,12.0246,11.5678,590.9592,0.1379402,-0.0093976,1,63
6,437.987,48.742,426.755,46.542,0,9,S7,0,121,120,624.3139,68.1508,274.837,426.7097,46.4726,132.738,12.0133,11.5753,476.7462,0.14592972,-0.01578846,1,62
7,563.067,61.402,551.91,58.483,0,10,S8,0,122,121,632.5843,68.8506,274.837,551.8617,58.4134,132.981,12.0015,11.5417,602.3642,0.13652873,-0.00940099,1,61
8,574.658,60.554,563.4,58.493,0,11,S9,0,119,118,624.3561,67.6525,274.837,563.3517,58.4233,132.999,11.9796,11.5187,613.7367,0.13258941,-0.00993997,1,60
9,312.917,35.964,301.592,34.608,0,12,S10,0,120,119,632.6265,68.3524,274.837,301.5517,34.5387,132.268,12.0323,11.6369,351.1912,0.16171818,0.02912877,1,59
10,586.091,61.078,574.888,58.502,0,13,S11,0,117,116,624.3982,67.1543,274.837,574.839,58.4331,133.012,11.9586,11.4947,625.1394,0.13100247,-0.02564601,1,58
11,449.483,48.754,438.249,46.553,0,14,S12,0,118,117,632.6687,67.8542,274.837,438.2025,46.4842,132.765,11.9856,11.5446,488.1245,0.14252938,0.01152691,1,57
12,460.976,48.766,449.739,46.564,0,15,S13,0,115,114,624.4404,66.6561,274.837,449.6921,46.4953,132.793,11.9582,11.514,499.5053,0.13928482,0.01280982,1,56
13,324.418,35.978,313.091,34.623,0,16,S14,0,116,115,632.7108,67.356,274.837,313.05,34.5537,132.33,11.9934,11.5907,362.5491,0.15664848,0.01736366,1,55
14,335.792,37.0,324.586,34.636,0,17,S15,0,113,112,624.4825,66.1579,274.837,324.5435,34.5669,132.38,11.956,11.5469,373.944,0.15460283,0.01842106,1,54
15,594.892,59.344,586.374,58.511,0,18,S16,0,114,113,632.753,66.8578,274.837,586.3244,58.4419,133.037,11.9388,11.4728,633.645,0.126475,-0.02812783,1,53
16,210.66,24.656,199.422,22.735,0,19,S17,0,111,110,624.5247,65.6597,274.837,199.3905,22.6673,131.39,11.9481,11.6219,248.5043,0.183065,0.04882617,1,52
17,472.466,48.776,461.226,46.575,0,20,S18,0,112,111,632.7951,66.3595,274.837,461.1788,46.5058,132.819,11.9339,11.4856,510.8879,0.13618177,-0.04688323,1,51
18,347.393,36.105,336.076,34.648,0,21,S19,0,109,108,624.5669,65.1615,274.837,336.0329,34.5794,132.423,11.9206,11.5074,385.2781,0.14767081,0.00192603,1,50
19,483.896,49.318,472.71,46.584,0,22,S20,0,110,109,632.8373,65.8613,274.837,472.6627,46.5156,132.844,11.9086,11.4582,522.2867,0.13423883,-0.01343198,1,49
20,495.488,48.332,484.192,46.594,0,23,S21,0,107,106,624.609,64.6632,274.837,484.1441,46.5246,132.867,11.8933,11.432,533.6484,0.12950057,-0.04556925,1,48
21,358.777,37.026,347.562,34.66,0,24,S22,0,108,107,632.8795,65.3631,274.837,347.5183,34.5907,132.475,11.9113,11.469,396.6744,0.14574478,0.01624421,1,47
22,506.931,48.707,495.671,46.602,0,25,S23,0,105,104,624.6512,64.165,274.837,495.6232,46.5334,132.879,11.8922,11.4071,545.0451,0.1274716,-0.01421144,1,46
23,222.163,24.673,210.919,22.751,0,26,S24,0,106,105,632.9216,64.8649,274.837,210.8855,22.683,131.523,11.9452,11.5563,259.8265,0.17506982,0.04759822,1,45
24,233.684,24.491,222.409,22.765,0,27,S25,0,103,102,624.6934,63.6668,274.837,222.3739,22.6967,131.66,11.9428,11.5031,271.1485,0.16700806,0.04257655,1,44
25,370.264,37.037,359.044,34.67,0,28,S26,0,104,103,632.9638,64.3667,274.837,358.9998,34.6019,132.523,11.9102,11.4372,408.0446,0.14168304,-0.02532502,1,43
26,381.767,36.879,370.523,34.68,0,29,S27,0,101,100,624.7355,63.1686,274.837,370.4784,34.6116,132.568,11.9083,11.4087,419.4138,0.13743722,-0.02285588,1,42
27,518.435,48.476,507.148,46.61,0,30,S28,0,102,101,633.006,63.8684,274.837,507.0996,46.5414,132.911,11.8911,11.387,556.429,0.12443151,-0.01300571,1,41
28,529.97,47.891,518.623,46.618,0,31,S29,0,99,98,624.7777,62.6704,274.837,518.5745,46.5495,132.934,11.8911,11.3692,567.8058,0.12088788,-0.012301,1,40
29,245.172,24.504,233.894,22.777,0,32,S30,0,100,99,633.0481,63.3702,274.837,233.8567,22.7091,131.771,11.939,11.4575,282.4852,0.1602931,0.03940522,1,39
30,541.409,48.257,530.096,46.625,0,33,S31,0,97,96,624.8198,62.1721,274.837,530.0471,46.5566,132.952,11.8902,11.3533,579.2063,0.11913351,-0.03495894,1,38
31,393.274,36.623,382.0,34.689,0,34,S32,0,98,97,633.0903,62.872,274.837,381.9541,34.6207,132.603,11.9066,11.3847,430.7811,0.13318888,0.01405537,1,37
32,404.836,35.783,393.473,34.697,0,37,S33,0,95,94,624.9042,61.1757,274.837,393.4271,34.6292,132.634,11.905,11.3636,442.1355,0.12783316,0.01178064,1,34
33,256.655,24.515,245.373,22.788,0,38,S34,0,96,95,633.1746,61.8756,274.837,245.3344,22.7198,131.871,11.9357,11.4186,293.8284,0.15409245,0.02625929,1,33
34,416.252,36.36,404.944,34.705,0,39,S35,0,93,92,624.9463,60.6775,274.837,404.8974,34.6371,132.676,11.9036,11.3469,453.5328,0.12588604,0.01202988,1,32
35,552.926,47.803,541.567,46.632,0,40,S36,0,94,93,633.2168,61.3773,274.837,541.5178,46.5639,132.963,11.8884,11.3397,590.5905,0.11605252,-0.00983352,1,31
36,268.134,24.526,256.847,22.797,0,41,S37,0,91,90,624.9885,60.1793,274.837,256.8081,22.7298,131.962,11.9327,11.3878,305.1781,0.1483549,0.03666065,1,30
37,564.396,47.809,553.037,46.639,0,42,S38,0,92,91,633.2589,60.8791,274.837,552.987,46.5704,132.988,11.8886,11.3332,601.9855,0.11385616,-0.03449874,1,29
38,427.788,35.674,416.413,34.713,0,43,S39,0,89,88,625.0306,59.681,274.837,416.3657,34.6444,132.709,11.9023,11.3495,464.8962,0.1213066,0.01164856,1,28
39,575.867,47.786,564.505,46.645,0,44,S40,0,90,89,633.3011,60.3809,274.837,564.4546,46.5769,132.997,11.8869,11.3437,613.3811,0.11169425,-0.00961235,1,27
40,439.158,36.735,427.879,34.719,0,45,S41,0,87,86,625.0728,59.1828,274.837,427.8318,34.6514,132.735,11.9001,11.3626,476.3112,0.12062916,0.01264271,1,26
41,587.334,47.792,575.971,46.651,0,46,S42,0,88,87,633.3432,59.8827,274.837,575.9204,46.5828,133.013,11.8854,11.3545,624.7786,0.10965804,-0.01097112,1,25
42,279.498,25.613,268.318,22.806,0,47,S43,0,85,84,625.115,58.6846,274.837,268.2779,22.7384,132.05,11.9301,11.3617,316.5785,0.14644489,-0.07680054,1,24
43,595.659,47.644,587.436,46.657,0,48,S44,0,86,85,633.3854,59.3845,274.837,587.3853,46.5887,133.033,11.8859,11.368,633.0383,0.10798645,-0.03845844,1,23
44,450.681,36.131,439.344,34.726,0,49,S45,0,83,82,625.1571,58.1864,274.837,439.2961,34.658,132.761,11.8991,11.3781,487.6818,0.1165563,-0.02065769,1,22
45,130.942,16.794,120.149,11.67,0,50,S46,0,84,83,633.4276,58.8862,274.837,120.1218,11.6029,144.01,13.3336,11.5358,168.8234,0.22324543,0.10668913,1,21
46,462.149,36.089,450.807,34.732,0,51,S47,0,81,80,625.1993,57.6882,274.837,450.7586,34.6637,132.789,11.8971,11.3938,499.069,0.11380045,-0.02100263,1,20
47,291.107,24.266,279.786,22.813,0,52,S48,0,82,81,633.4697,58.388,274.837,279.7445,22.7456,132.128,11.9277,11.3791,327.8807,0.13721399,0.02341354,1,19
48,473.579,36.475,462.268,34.738,0,53,S49,0,79,78,625.2414,57.1899,274.837,462.2193,34.6698,132.818,11.8963,11.4121,510.4697,0.1120091,-0.08705848,1,18
49,302.504,25.014,291.25,22.82,0,54,S50,0,80,79,633.5119,57.8898,274.837,291.2078,22.7531,132.202,11.9246,11.3983,339.2739,0.13480308,0.02279398,1,17
50,314.062,24.023,302.712,22.827,0,55,S51,0,77,76,625.2836,56.6917,274.837,302.6688,22.7595,132.264,11.9217,11.4209,350.603,0.12757162,0.01890188,1,16
51,142.678,14.998,131.682,11.028,0,56,S52,0,78,77,633.554,57.3916,274.837,131.6613,10.9621,129.906,11.9851,11.4234,179.9231,0.19906758,0.07149596,1,15
52,325.468,24.658,314.171,22.832,0,57,S53,0,75,74,625.3258,56.1935,274.837,314.1274,22.7651,132.33,11.9191,11.4445,361.998,0.12530283,0.019024,1,14
53,485.08,36.015,473.728,34.743,0,58,S54,0,76,75,633.5962,56.8934,274.837,473.6785,34.6754,132.843,11.8945,11.4309,521.8502,0.10866974,-0.01663309,1,13
54,154.271,14.098,143.147,11.027,0,59,S55,0,73,72,625.3679,55.6953,274.837,143.1231,10.961,130.264,11.9779,11.4578,191.1356,0.18245659,0.07840011,1,12
55,496.542,35.983,485.186,34.748,0,60,S56,0,74,73,633.6384,56.3952,274.837,485.1363,34.6805,132.864,11.9017,11.4502,533.2426,0.10627883,-0.07617776,1,11
56,336.936,24.571,325.629,22.838,0,61,S57,0,71,70,625.4101,55.1971,274.837,325.5839,22.7704,132.382,11.9156,11.4684,373.3683,0.12123302,0.0193078,1,10
57,507.999,35.988,496.643,34.753,0,62,S58,0,72,71,633.6805,55.8969,274.837,496.5929,34.6854,132.883,11.9208,11.4687,544.6368,0.10405648,-0.01717654,1,9
58,165.805,13.555,154.607,11.026,0,63,S59,0,69,68,625.4522,54.6988,274.837,154.58,10.9595,130.568,11.9724,11.4907,202.3966,0.16947783,0.0696598,1,8
59,519.456,35.993,508.098,34.757,0,64,S60,0,70,69,633.7227,55.3987,274.837,508.048,34.6899,132.907,11.9402,11.4882,556.0336,0.10192522,-0.06755261,1,7
60,348.456,23.839,337.084,22.843,0,65,S61,0,67,66,625.4944,54.2006,274.837,337.0388,22.7754,132.43,11.9133,11.494,384.7211,0.11572299,0.01787003,1,6
61,530.914,35.963,519.553,34.762,0,66,S62,0,68,67,633.7648,54.9005,274.837,519.5023,34.6944,132.929,11.9576,11.5049,567.4304,0.09981803,-0.01590496,1,5
62,359.911,23.843,348.538,22.847,0,67,S63,0,65,64,625.5366,53.7024,274.837,348.4917,22.7801,132.478,11.933,11.519,396.1021,0.11239385,0.01648266,1,4
63,542.368,35.967,531.006,34.766,0,68,S64,0,66,65,633.807,54.4023,274.837,530.9553,34.6987,132.947,11.976,11.5215,578.8289,0.09785296,-0.01454089,1,3
64,371.318,24.431,359.99,22.851,0,73,S65,0,63,62,625.663,52.2078,274.837,359.9432,22.7841,132.522,11.9587,11.5423,407.5037,0.11068813,0.0166448,0,68
65,553.824,35.94,542.458,34.77,0,74,S66,0,64,63,633.9335,52.9076,274.837,542.4072,34.7023,132.969,11.9926,11.5362,590.2286,0.09591119,-0.01477694,0,67
66,177.308,13.192,166.063,11.024,0,75,S67,0,61,60,625.7052,51.7095,274.837,166.033,10.9581,130.816,11.9648,11.5242,213.686,0.1587236,0.06647364,0,66
67,565.278,35.913,553.91,34.774,0,76,S68,0,62,61,633.9756,52.4094,274.837,553.8582,34.7065,132.98,12.0081,11.5519,601.6284,0.09404333,-0.06468027,0,65
68,382.818,23.815,371.44,22.855,0,77,S69,0,59,58,625.7474,51.2113,274.837,371.3932,22.7878,132.565,11.9846,11.5645,418.8695,0.10619376,0.01624613,0,64
69,576.731,35.889,565.36,34.777,0,78,S70,0,60,59,634.0178,51.9112,274.837,565.3085,34.7097,133.002,12.0238,11.5667,613.0295,0.09224996,-0.0139438,0,63
70,596.454,35.527,588.258,34.784,0,79,S71,0,57,56,625.7895,50.7131,274.837,588.2062,34.7167,133.034,12.0522,11.5935,632.639,0.0888083,-0.01586656,0,62
71,588.208,35.507,576.809,34.78,0,80,S72,0,58,57,634.06,51.413,274.837,576.7576,34.7133,133.02,12.0384,11.5796,624.4242,0.08994763,0.00113933,0,61
72,188.794,12.933,177.515,11.023,0,81,S73,0,55,54,625.8317,50.2149,274.837,177.4829,10.9566,131.038,11.9597,11.5621,224.9962,0.14951799,0.0477992,0,60
73,394.228,24.374,382.89,22.859,0,82,S74,0,56,55,634.1021,50.9147,274.837,382.842,22.7917,132.603,12.0076,11.5859,430.275,0.10467486,-0.04484313,0,59
74,200.267,12.737,188.965,11.022,0,83,S75,0,53,52,625.8738,49.7167,274.837,188.9304,10.9551,131.224,11.9532,11.596,236.3196,0.14146589,0.0434808,0,58
75,405.686,24.265,394.338,22.862,0,84,S76,0,54,53,634.1443,50.4165,274.837,394.2897,22.7949,132.635,12.0298,11.6052,441.6608,0.10171879,-0.0397471,0,57
76,428.588,24.179,417.231,22.868,0,85,S77,0,51,50,625.916,49.2184,274.837,417.1819,22.8009,132.707,12.0703,11.6414,464.4419,0.09652737,-0.03780014,0,56
77,417.171,23.737,405.785,22.865,0,86,S78,0,52,51,634.1865,49.9183,274.837,405.7363,22.7983,132.669,12.05,11.6238,453.036,0.09798509,0.00145772,0,55
78,440.034,24.182,428.676,22.871,0,87,S79,0,49,48,625.9582,48.7202,274.837,428.6267,22.804,132.737,12.0887,11.6571,475.8362,0.09421533,-0.03372007,0,54
79,211.731,12.584,200.412,11.02,0,88,S80,0,50,49,634.2286,49.4201,274.837,200.3755,10.9539,131.387,11.95,11.6337,247.6539,0.13432751,0.04011218,0,53
80,451.483,24.145,440.12,22.873,0,89,S81,0,47,46,626.0003,48.222,274.837,440.0705,22.8067,132.769,12.1053,11.673,487.2322,0.09192912,-0.03023344,0,52
81,223.19,12.462,211.856,11.019,0,90,S82,0,48,47,634.2708,48.9219,274.837,211.8189,10.953,131.528,11.9948,11.6676,258.9986,0.1279354,0.03600628,0,51
82,462.957,23.681,451.564,22.876,0,91,S83,0,45,44,626.0425,47.7238,274.837,451.5137,22.8087,132.785,12.1218,11.6877,498.6175,0.08889001,0.00107286,0,50
83,234.645,12.362,223.3,11.018,0,92,S84,0,46,45,634.3129,48.4236,274.837,223.2609,10.9521,131.658,12.0349,11.6977,270.3517,0.12216256,0.03327255,0,49
84,246.095,12.278,234.742,11.017,0,93,S85,0,43,42,626.0847,47.2256,274.837,234.7013,10.9506,131.764,12.0703,11.725,281.71,0.11691367,0.03108844,0,48
85,474.372,24.149,463.007,22.878,0,94,S86,0,44,43,634.3551,47.9254,274.837,462.9562,22.8114,132.819,12.1374,11.7026,510.0293,0.08781715,-0.02909652,0,47
86,257.544,12.206,246.182,11.016,0,95,S87,0,41,40,626.1268,46.7273,274.837,246.1408,10.9497,131.872,12.1039,11.7504,293.0758,0.11211283,0.02896484,0,46
87,485.817,24.114,474.449,22.88,0,96,S88,0,42,41,634.3973,47.4272,274.837,474.3978,22.8135,132.839,12.1521,11.7155,521.4281,0.08582523,-0.0262876,0,45
88,508.703,24.084,497.331,22.884,0,97,S89,0,39,38,626.169,46.2291,274.837,497.2796,22.8176,132.888,12.1807,11.7405,544.231,0.08216561,-0.02554226,0,44
89,497.286,23.669,485.89,22.882,0,98,S90,0,40,39,634.4394,46.929,274.837,485.8389,22.8154,132.865,12.1669,11.7275,532.8187,0.08314799,0.00098238,0,43
90,520.168,23.655,508.771,22.886,0,99,S91,0,37,36,626.2111,45.7309,274.837,508.7196,22.8194,132.903,12.1926,11.7515,555.6238,0.07970257,0.00089841,0,42
91,268.989,12.145,257.622,11.015,0,100,S92,0,38,37,634.4816,46.4308,274.837,257.5793,10.9489,131.966,12.1329,11.773,304.4451,0.10770787,0.0280053,0,41
92,280.43,12.145,269.06,11.014,0,101,S93,0,35,34,626.2533,45.2327,274.837,269.0171,10.9478,132.052,12.1599,11.7927,315.8222,0.10381357,0.02728112,0,40
93,531.587,24.056,520.211,22.887,0,102,S94,0,36,35,634.5237,45.9325,274.837,520.159,22.8208,132.932,12.2056,11.7637,567.0387,0.07880416,-0.02500941,0,39
94,554.489,23.644,543.089,22.891,0,103,S95,0,33,32,626.2955,44.7345,274.837,543.0366,22.8242,132.965,12.2285,11.783,589.8413,0.07505123,0.00078052,0,38
95,543.049,23.643,531.65,22.889,0,104,S96,0,34,33,634.5659,45.4343,274.837,531.598,22.8228,132.948,12.2175,11.7728,578.4341,0.07653245,0.00148122,0,37
96,291.872,12.091,280.498,11.013,0,107,S97,0,31,30,626.3798,43.738,274.837,280.454,10.9471,132.13,12.185,11.8116,327.1994,0.10002562,0.02779376,0,34
97,565.908,24.032,554.528,22.892,0,108,S98,0,32,31,634.6502,44.4379,274.837,554.4749,22.8261,132.981,12.2395,11.7932,601.2574,0.07427071,-0.02575491,0,33
98,588.806,23.62,577.403,22.895,0,109,S99,0,29,28,626.4219,43.2398,274.837,577.3503,22.8288,133.017,12.2597,11.8117,624.0653,0.07088972,0.00127819,0,32
99,577.366,23.632,565.966,22.894,0,110,S100,0,30,29,634.6924,43.9397,274.837,565.9129,22.8273,132.993,12.2496,11.8033,612.6554,0.07223186,0.00134214,0,31
100,303.312,12.091,291.935,11.012,0,111,S101,0,27,26,626.4641,42.7416,274.837,291.8903,10.9461,132.194,12.2074,11.8294,338.5841,0.0966516,0.00328817,0,30
101,597.248,23.409,588.841,22.896,0,112,S102,0,28,27,634.7345,43.4415,274.837,588.7874,22.83,133.041,12.2699,11.82,632.4717,0.06961153,-0.02704007,0,29
102,326.189,12.043,314.808,11.01,0,113,S103,0,25,24,626.5063,42.2434,274.837,314.7611,10.9444,132.322,12.2473,11.8604,361.3567,0.09040999,0.00276759,0,28
103,314.752,12.044,303.372,11.011,0,114,S104,0,26,25,634.7767,42.9432,274.837,303.326,10.9454,132.268,12.2288,11.8454,349.9681,0.09336343,0.00295344,0,27
104,349.064,12.002,337.678,11.009,0,115,S105,0,23,22,626.5484,41.7451,274.837,337.63,10.9431,132.428,12.2818,11.8866,384.1404,0.08492722,0.00254596,0,26
105,337.626,12.044,326.243,11.009,0,116,S106,0,24,23,634.8189,42.445,274.837,326.1957,10.9437,132.378,12.2651,11.8745,372.7486,0.0876424,0.00271518,0,25
106,371.936,11.965,360.546,11.007,0,117,S107,0,21,20,626.5906,41.2469,274.837,360.4976,10.9421,132.519,12.3124,11.9101,406.9316,0.08006892,0.00226517,0,24
107,360.501,11.965,349.112,11.008,0,118,S108,0,22,21,634.861,41.9468,274.837,349.0641,10.9425,132.478,12.2975,11.8989,395.5343,0.08238126,0.00231234,0,23
108,394.807,11.932,383.413,11.006,0,119,S109,0,19,18,626.6327,40.7487,274.837,383.3639,10.9407,132.599,12.3385,11.9307,429.7307,0.07573551,0.00196343,0,22
109,383.372,11.932,371.98,11.007,0,120,S110,0,20,19,634.9032,41.4486,274.837,371.9309,10.9412,132.559,12.3254,11.9213,418.3294,0.07780375,0.00206824,0,21
110,417.676,11.902,406.28,11.005,0,121,S111,0,17,16,626.6749,40.2505,274.837,406.229,10.9399,132.674,12.3616,11.9485,452.5353,0.07184574,0.0017713,0,20
111,406.241,11.931,394.847,11.006,0,122,S112,0,18,17,634.9453,40.9504,274.837,394.7965,10.9403,132.635,12.3505,11.9391,441.1327,0.07377208,0.00192634,0,19
112,440.542,11.901,429.145,11.004,0,123,S113,0,15,14,626.7171,39.7523,274.837,429.0934,10.9391,132.741,12.383,11.9645,475.3451,0.06839054,0.00160718,0,18
113,429.11,11.901,417.712,11.005,0,124,S114,0,16,15,634.9875,40.4521,274.837,417.6614,10.9395,132.705,12.3718,11.957,463.9405,0.07007444,0.0016839,0,17
114,463.409,11.874,452.009,11.003,0,125,S115,0,13,12,626.7592,39.254,274.837,451.9571,10.938,132.793,12.4015,11.9794,498.1594,0.06519958,0.00146183,0,16
115,451.975,11.9,440.577,11.004,0,126,S116,0,14,13,635.0297,39.9539,274.837,440.5253,10.9385,132.758,12.3913,11.9729,486.752,0.06678336,0.00158378,0,15
116,486.274,11.873,474.873,11.003,0,127,S117,0,11,10,626.8014,38.7558,274.837,474.82,10.9373,132.846,12.4182,11.9925,520.9778,0.06233816,0.00138283,0,14
117,474.842,11.874,463.441,11.003,0,128,S118,0,12,11,635.0718,39.4557,274.837,463.3886,10.9377,132.818,12.4099,11.986,509.5686,0.06373775,0.00139959,0,13
118,509.139,11.848,497.736,11.002,0,129,S119,0,9,8,626.8435,38.2576,274.837,497.6825,10.9368,132.885,12.433,12.0047,543.7988,0.05967285,0.00126751,0,12
119,497.707,11.849,486.304,11.002,0,130,S120,0,10,9,635.114,38.9575,274.837,486.2515,10.9368,132.87,12.4256,11.9991,532.3876,0.06095533,0.00128248,0,11
120,532.003,11.826,520.598,11.001,0,131,S121,0,7,6,626.8857,37.7594,274.837,520.5446,10.9359,132.927,12.446,12.015,566.6225,0.05722764,0.00116746,0,10
121,520.571,11.826,509.167,11.001,0,132,S122,0,8,7,635.1561,38.4593,274.837,509.1136,10.9363,132.912,12.4405,12.0094,555.2096,0.05840534,0.0011777,0,9
122,554.867,11.786,543.46,11.0,0,133,S123,0,5,4,626.9279,37.2612,274.837,543.4063,10.9353,132.966,12.4589,12.0253,589.4483,0.05494131,0.0010447,0,8
123,543.435,11.805,532.029,11.001,0,134,S124,0,6,5,635.1983,37.961,274.837,531.9754,10.9355,132.946,12.4534,12.0196,578.035,0.05606018,0.00111887,0,7
124,577.729,11.769,566.322,11.0,0,135,S125,0,3,2,626.97,36.763,274.837,566.2672,10.935,133.002,12.471,12.0346,612.2762,0.05286314,0.00099572,0,6
125,566.298,11.786,554.891,11.0,0,136,S126,0,4,3,635.2405,37.4628,274.837,554.8368,10.9353,132.989,12.4655,12.03,600.8624,0.05389661,0.00103347,0,5
126,597.987,12.127,589.183,10.999,0,137,S127,0,1,0,627.0122,36.2647,274.837,589.1283,10.9342,133.029,12.4811,12.043,632.5252,0.05173607,0.0,0,4
127,589.161,11.752,577.752,11.0,0,138,S128,0,2,1,635.2826,36.9646,274.837,577.6978,10.9347,133.017,12.4766,12.0384,623.6916,0.05186742,0.00013135,0,3
128,553.339,120.94,542.486,117.192,1,3,S1,1,127,254,614.4141,130.221,280.438,542.4456,117.1174,132.986,12.1044,11.6498,603.8493,0.2365681,-0.00287498,1,68
129,542.245,118.251,530.799,117.141,1,4,S2,1,128,255,622.5767,131.7247,280.438,530.7591,117.0664,132.967,12.1514,11.6989,592.4341,0.23654442,-2.368e-05,1,67
130,497.628,108.22,486.591,105.315,1,5,S3,1,125,252,614.5047,129.7292,280.438,486.5511,105.2412,132.889,12.1001,11.6533,546.7092,0.23783228,-0.00332307,1,66
131,486.349,106.373,474.903,105.262,1,6,S4,1,126,253,622.6673,131.233,280.438,474.8637,105.1883,132.864,12.1514,11.7094,535.3133,0.23944308,0.0016108,1,65
132,564.838,121.833,554.163,117.24,1,7,S5,1,123,250,614.5953,129.2375,280.438,554.1214,117.1655,133.003,12.059,11.6011,615.24,0.23359875,-0.01010301,1,64
133,441.729,96.343,430.695,93.44,1,8,S6,1,124,251,622.7579,130.7412,280.438,430.6565,93.3661,132.766,12.0951,11.6582,489.5883,0.24115535,0.0075566,1,63
134,509.062,109.394,498.267,105.365,1,9,S7,1,121,248,614.6858,128.7458,280.438,498.227,105.2909,132.909,12.0504,11.5996,558.1001,0.23504988,-0.01434538,1,62
135,385.988,83.768,374.799,81.566,1,10,S8,1,122,249,622.8485,130.2495,280.438,374.7617,81.493,132.598,12.0861,11.6643,432.4584,0.24370176,0.00865188,1,61
136,453.308,96.854,442.371,93.491,1,11,S9,1,119,246,614.7764,128.2541,280.438,442.3323,93.4176,132.79,12.039,11.5982,500.9594,0.23662575,0.00855795,1,60
137,330.048,72.061,318.902,69.695,1,12,S10,1,120,247,622.9391,129.7578,280.438,318.8669,69.6223,132.375,12.0758,11.6728,375.3526,0.24939526,0.01276951,1,59
138,397.408,84.981,386.475,81.62,1,13,S11,1,117,244,614.867,127.7623,280.438,386.4377,81.5468,132.64,12.0234,11.5952,443.8365,0.24014537,0.01029262,1,58
139,576.683,121.089,565.83,117.285,1,14,S12,1,118,245,623.0297,129.2661,280.438,565.7879,117.2112,133.017,12.0157,11.555,626.6007,0.2280678,-0.01207757,1,57
140,274.351,59.304,263.003,57.829,1,15,S13,1,115,242,614.9576,127.2706,280.438,262.972,57.756,132.052,12.0609,11.6838,318.2331,0.25374649,0.02104114,1,56
141,520.797,109.161,509.933,105.411,1,16,S14,1,116,243,623.1202,128.7743,280.438,509.8924,105.3378,132.925,12.0023,11.5484,569.4659,0.22985275,-0.02389374,1,55
142,585.85,119.086,577.487,117.328,1,17,S15,1,113,240,615.0482,126.7789,280.438,577.4452,117.2546,133.029,11.9739,11.5093,635.0902,0.22173204,-0.02087595,1,54
143,464.837,97.568,454.036,93.539,1,18,S16,1,114,241,623.2108,128.2826,280.438,453.9965,93.4656,132.82,11.9856,11.5396,512.3384,0.23270535,0.01097331,1,53
144,532.441,109.296,521.589,105.455,1,19,S17,1,111,238,615.1388,126.2872,280.438,521.5479,105.3817,132.952,11.9567,11.4985,580.8399,0.22551169,-0.01088157,1,52
145,341.683,72.316,330.578,69.752,1,20,S18,1,112,239,623.3014,127.7909,280.438,330.5429,69.6792,132.431,12.0026,11.5922,386.6995,0.24260799,0.0170963,1,51
146,285.725,60.693,274.68,57.89,1,21,S19,1,109,236,615.2294,125.7954,280.438,274.6478,57.8171,132.129,11.9735,11.5875,329.5951,0.24916291,0.02195268,1,50
147,408.865,86.028,398.138,81.67,1,22,S20,1,110,237,623.392,127.2992,280.438,398.1003,81.5966,132.663,11.9625,11.5292,455.2169,0.23639326,-0.01276965,1,49
148,353.112,73.462,342.24,69.804,1,23,S21,1,107,234,615.3199,125.3037,280.438,342.203,69.7313,132.474,11.9337,11.515,398.0724,0.23850519,-0.0202123,1,48
149,476.548,97.386,465.69,93.584,1,24,S22,1,108,235,623.4826,126.8074,280.438,465.6495,93.5109,132.841,11.9347,11.4838,523.6997,0.22721023,-0.01129496,1,47
150,544.337,108.157,533.236,105.497,1,25,S23,1,105,232,615.4105,124.812,280.438,533.1939,105.4233,132.968,11.9125,11.4513,592.192,0.21914519,-0.0096246,1,46
151,229.747,49.136,218.78,46.037,1,26,S24,1,106,233,623.5732,126.3157,280.438,218.752,45.9658,131.657,11.9405,11.5806,272.5083,0.25871749,0.0395723,1,45
152,297.206,61.597,286.339,57.945,1,27,S25,1,103,230,615.5011,124.3203,280.438,286.3049,57.8724,132.2,11.9223,11.497,340.95,0.24342876,0.02260163,1,44
153,420.706,85.222,409.789,81.716,1,28,S26,1,104,231,623.6638,125.824,280.438,409.7501,81.6428,132.708,11.9062,11.4668,466.5534,0.22876979,-0.01465897,1,43
154,364.693,73.877,353.886,69.852,1,29,S27,1,101,228,615.5917,123.8285,280.438,353.849,69.7794,132.518,11.9093,11.4458,409.4303,0.23280757,0.01753164,1,42
155,488.366,96.613,477.333,93.626,1,30,S28,1,102,229,623.7543,125.3323,280.438,477.2923,93.5533,132.862,11.8939,11.4314,535.0507,0.22082713,-0.01198044,1,41
156,173.951,36.753,162.876,34.205,1,31,S29,1,99,226,615.6823,123.3368,280.438,162.8552,34.1358,130.815,11.9639,11.5788,215.4135,0.2694135,0.04756681,1,40
157,555.946,108.35,544.874,105.536,1,32,S30,1,100,227,623.8449,124.8405,280.438,544.8314,105.4625,132.988,11.888,11.4044,603.5698,0.21527593,-0.05413757,1,39
158,241.663,48.032,230.435,46.096,1,33,S31,1,97,224,615.7729,122.8451,280.438,230.4048,46.0252,131.769,11.939,11.4789,283.7751,0.24421304,0.02929664,1,38
159,432.495,84.57,421.428,81.759,1,34,S32,1,98,225,623.9355,124.3488,280.438,421.3884,81.686,132.739,11.9003,11.4111,477.8989,0.22184669,-0.02236635,1,37
160,309.036,60.799,297.98,57.994,1,37,S33,1,95,222,615.954,121.8616,280.438,297.9452,57.922,132.261,11.9212,11.4251,352.2576,0.23313532,0.02263848,1,34
161,500.144,95.947,488.967,93.666,1,38,S34,1,96,223,624.1167,123.3654,280.438,488.9255,93.5929,132.889,11.8933,11.3855,546.4064,0.2149164,-0.01821892,1,33
162,376.633,72.461,365.52,69.896,1,39,S35,1,93,220,616.0446,121.3699,280.438,365.4817,69.8233,132.564,11.9084,11.3904,420.7418,0.22298552,0.00679841,1,32
163,567.673,107.906,556.503,105.573,1,40,S36,1,94,221,624.2073,122.8736,280.438,556.4603,105.5,133.001,11.8866,11.3672,614.9383,0.21049684,-0.01248868,1,31
164,511.713,96.271,500.591,93.703,1,41,S37,1,91,218,616.1352,120.8782,280.438,500.5492,93.6302,132.908,11.8914,11.3507,557.7825,0.21106054,-0.03254038,1,30
165,444.175,84.366,433.057,81.799,1,42,S38,1,92,219,624.2979,122.3819,280.438,433.0163,81.7263,132.773,11.8997,11.368,489.2556,0.21618711,0.00512657,1,29
166,579.309,107.874,568.125,105.608,1,43,S39,1,89,216,616.2258,120.3864,280.438,568.0816,105.535,133.018,11.8859,11.3387,626.3156,0.20656497,-0.02015479,1,28
167,252.776,50.615,242.069,46.148,1,44,S40,1,90,217,624.3884,121.8902,280.438,242.0373,46.0771,131.868,11.9366,11.4029,295.183,0.24360092,0.03703595,1,27
168,388.309,72.243,377.142,69.936,1,45,S41,1,87,214,616.3164,119.8947,280.438,377.1029,69.8637,132.599,11.9064,11.3492,432.0895,0.2165177,0.00651551,1,26
169,320.607,61.149,309.607,58.039,1,46,S42,1,88,215,624.479,121.3984,280.438,309.5707,57.9675,132.316,11.9184,11.3707,363.6039,0.22671976,0.01020206,1,25
170,523.43,95.798,512.207,93.738,1,47,S43,1,85,212,616.407,119.403,280.438,512.165,93.6656,132.925,11.8908,11.3412,569.1479,0.205935,0.00331313,1,24
171,455.918,83.775,444.675,81.836,1,48,S44,1,86,213,624.5696,120.9067,280.438,444.6342,81.7638,132.793,11.8977,11.3385,500.608,0.21000219,0.00406719,1,23
172,185.295,38.26,174.524,34.27,1,49,S45,1,83,210,616.4976,118.9113,280.438,174.5008,34.2004,131.03,11.9607,11.4635,226.7548,0.262504,-0.02909664,1,22
173,587.872,107.112,579.739,105.642,1,50,S46,1,84,211,624.6602,120.415,280.438,579.6955,105.5687,133.036,11.8852,11.342,634.5452,0.20262187,-0.05988213,1,21
174,467.373,84.631,456.285,81.871,1,51,S47,1,81,208,616.5881,118.4195,280.438,456.243,81.7987,132.825,11.8971,11.3702,511.9922,0.20697335,0.004327,1,20
175,128.959,28.238,118.223,24.398,1,52,S48,1,82,209,624.7508,119.9233,280.438,118.2032,24.3292,144.015,13.3318,11.6077,169.8198,0.29160064,0.08462729,1,19
176,399.851,72.655,388.753,69.974,1,53,S49,1,79,206,616.6787,117.9278,280.438,388.713,69.9014,132.639,11.905,11.3697,443.4554,0.21183359,-0.00696645,1,18
177,534.959,96.256,523.816,93.771,1,54,S50,1,80,207,624.8414,119.4315,280.438,523.773,93.6986,132.955,11.8903,11.3689,580.53,0.20264635,-0.00918724,1,17
178,264.743,48.996,253.686,46.195,1,55,S51,1,77,204,616.7693,117.4361,280.438,253.6525,46.1234,131.962,11.9328,11.3777,306.4386,0.22905385,-0.01325355,1,16
179,332.304,60.8,321.22,58.08,1,56,S52,1,78,205,624.932,118.9398,280.438,321.1829,58.0082,132.377,11.9165,11.3732,374.9349,0.21880004,-0.01025381,1,15
180,546.577,96.208,535.417,93.803,1,57,S53,1,75,202,616.8599,116.9444,280.438,535.3733,93.73,132.967,11.8885,11.4037,591.9055,0.1986165,-0.00366774,1,14
181,197.312,36.513,186.147,34.325,1,58,S54,1,76,203,625.0225,118.4481,280.438,186.1215,34.2558,131.221,11.9579,11.3839,237.9553,0.2423074,0.0436909,1,13
182,411.477,72.575,400.354,70.008,1,59,S55,1,73,200,616.9505,116.4526,280.438,400.3133,69.936,132.68,11.9034,11.4109,454.8117,0.20628706,-0.00669536,1,12
183,478.996,84.564,467.885,81.904,1,60,S56,1,74,201,625.1131,117.9564,280.438,467.8433,81.8314,132.849,11.895,11.4062,523.3591,0.20228424,-0.00400282,1,11
184,276.294,49.343,265.287,46.236,1,61,S57,1,71,198,617.0411,115.9609,280.438,265.2523,46.1649,132.055,11.9295,11.43,317.7749,0.22186383,0.02699124,1,10
185,343.867,61.069,332.821,58.118,1,62,S58,1,72,199,625.2037,117.4646,280.438,332.7828,58.046,132.431,11.9137,11.4187,386.2871,0.21298242,-0.00888141,1,9
186,208.668,37.857,197.749,34.373,1,63,S59,1,69,196,617.1317,115.4692,280.438,197.7211,34.3026,131.379,11.9517,11.4489,249.3061,0.23661133,0.03950113,1,8
187,558.173,96.238,547.011,93.832,1,64,S60,1,70,197,625.2943,116.9729,280.438,546.9668,93.7594,132.982,11.9043,11.4436,603.2836,0.19487259,-0.04173874,1,7
188,423.091,72.503,411.945,70.041,1,65,S61,1,67,194,617.2222,114.9775,280.438,411.9042,69.9685,132.706,11.9014,11.4603,466.1712,0.20103289,-0.06237153,1,6
189,490.675,84.135,479.478,81.935,1,66,S62,1,68,195,625.3849,116.4812,280.438,479.4355,81.8623,132.865,11.9006,11.4504,534.7209,0.1971102,-0.00392269,1,5
190,569.775,96.193,558.598,93.86,1,67,S63,1,65,192,617.3128,114.4857,280.438,558.5537,93.7877,133.006,11.9439,11.4832,614.6616,0.19114569,-0.01245198,1,4
191,140.991,26.524,130.203,22.56,1,68,S64,1,66,193,625.4755,115.9895,280.438,130.1883,22.492,129.902,11.9831,11.4855,180.9231,0.26340442,0.07225873,1,3
192,502.274,84.091,491.064,81.963,1,73,S65,1,63,190,617.5846,113.0106,280.438,491.0208,81.8913,132.885,11.9456,11.495,546.0916,0.19287161,-0.01809631,0,68
193,355.698,59.81,344.411,58.152,1,74,S66,1,64,191,625.7472,114.5143,280.438,344.3718,58.0805,132.479,11.9115,11.4732,397.6022,0.20359767,0.01072606,0,67
194,434.77,72.008,423.528,70.071,1,75,S67,1,61,188,617.6752,112.5188,280.438,423.4868,69.9986,132.739,11.9474,11.5117,477.5244,0.19513344,0.00810033,0,66
195,288.084,48.327,276.874,46.273,1,76,S68,1,62,189,625.8378,114.0226,280.438,276.8386,46.2022,132.132,11.9256,11.4924,329.0719,0.21096792,0.01583448,0,65
196,367.076,60.993,355.991,58.183,1,77,S69,1,59,186,617.7658,112.0271,280.438,355.9511,58.1121,132.515,11.9497,11.5333,408.986,0.2008054,0.01186824,0,64
197,581.425,95.825,570.179,93.886,1,78,S70,1,60,187,625.9284,113.5308,280.438,570.1345,93.8141,133.022,11.9812,11.5208,626.0348,0.18703311,-0.01377229,0,63
198,220.396,37.209,209.333,34.413,1,79,S71,1,57,184,617.8563,111.5354,280.438,209.303,34.3435,131.528,11.9461,11.5256,260.5773,0.22364321,0.03949853,0,62
199,513.855,84.118,502.642,81.991,1,80,S72,1,58,185,626.019,113.0391,280.438,502.5989,81.9184,132.906,11.9878,11.5379,557.4674,0.18893716,-0.03470605,0,61
200,446.273,72.466,435.104,70.099,1,81,S73,1,55,182,617.9469,111.0437,280.438,435.0614,70.0269,132.765,11.9965,11.5587,488.9012,0.19149038,-0.01442959,0,60
201,589.824,95.55,581.754,93.912,1,82,S74,1,56,183,626.1096,112.5474,280.438,581.7094,93.8395,133.035,12.0167,11.5567,634.2388,0.18414468,-0.0073457,0,59
202,525.382,84.422,514.215,82.016,1,83,S75,1,53,180,618.0375,110.5519,280.438,514.1705,81.9444,132.931,12.0274,11.5773,568.8494,0.18565622,-0.05752876,0,58
203,299.545,49.024,288.45,46.306,1,84,S76,1,54,181,626.2002,112.0557,280.438,288.4127,46.2354,132.194,11.9513,11.5643,340.429,0.20591997,0.02026375,0,57
204,378.772,60.314,367.562,58.212,1,85,S77,1,51,178,618.1281,110.0602,280.438,367.5212,58.1411,132.565,12.0075,11.5891,420.3222,0.19367218,0.00687088,0,56
205,152.772,25.678,141.781,22.604,1,86,S78,1,52,179,626.2907,111.5639,280.438,141.7619,22.5366,130.267,11.9751,11.5841,192.1167,0.24318498,0.0495128,0,55
206,232.187,36.029,220.901,34.449,1,87,S79,1,49,176,618.2187,109.5685,280.438,220.8697,34.3791,131.658,11.952,11.6125,271.8391,0.20979022,0.02848804,0,54
207,457.871,72.325,446.672,70.125,1,88,S80,1,50,177,626.3813,111.0722,280.438,446.6287,70.0534,132.799,12.0431,11.6051,500.2659,0.1868013,-0.02298892,0,53
208,311.266,48.165,300.014,46.336,1,89,S81,1,47,174,618.3093,109.0768,280.438,299.9766,46.2658,132.256,12.0219,11.6313,351.7417,0.19671588,0.00834303,0,52
209,537.018,84.037,525.781,82.04,1,90,S82,1,48,175,626.4719,110.5805,280.438,525.7363,81.9686,132.951,12.0665,11.6167,580.2199,0.18130218,-0.0154137,0,51
210,469.435,72.349,458.233,70.149,1,91,S83,1,45,172,618.3999,108.585,280.438,458.1896,70.0777,132.812,12.0861,11.6486,511.6376,0.18264982,0.00425622,0,50
211,390.352,60.254,379.124,58.239,1,92,S84,1,46,173,626.5625,110.0888,280.438,379.0832,58.1681,132.599,12.0608,11.6412,431.6802,0.18837285,0.00572303,0,49
212,243.615,36.836,232.457,34.48,1,93,S85,1,43,170,618.4904,108.0933,280.438,232.4232,34.4104,131.774,12.0433,11.6962,283.189,0.20417335,0.01360622,0,48
213,548.525,84.397,537.341,82.063,1,94,S86,1,44,171,626.6531,109.597,280.438,537.2964,81.9916,132.968,12.1034,11.6524,591.6057,0.1783936,-0.02577975,0,47
214,401.988,59.784,390.679,58.264,1,95,S87,1,41,168,618.581,107.6016,280.438,390.6374,58.1932,132.637,12.1115,11.6909,443.0302,0.18241238,0.00450734,0,46
215,322.824,48.192,311.569,46.364,1,96,S88,1,42,169,626.7437,109.1053,280.438,311.5306,46.293,132.319,12.0872,11.6929,363.0889,0.19056713,0.00815475,0,45
216,560.145,84.022,548.896,82.085,1,97,S89,1,39,166,618.6716,107.1099,280.438,548.8507,82.0136,132.99,12.1389,11.6884,602.9796,0.17436193,-0.05261213,0,44
217,481.056,71.972,469.788,70.172,1,98,S90,1,40,167,626.8343,108.6136,280.438,469.7442,70.1012,132.84,12.1273,11.6887,523.0027,0.17790504,0.00354311,0,43
218,413.373,60.855,402.227,58.287,1,99,S91,1,37,164,618.7622,106.6181,280.438,402.1848,58.216,132.676,12.1596,11.738,454.4218,0.18018529,0.00530556,0,42
219,164.442,25.177,153.338,22.641,1,100,S92,1,38,165,626.9248,108.1219,280.438,153.3154,22.5726,130.566,11.9656,11.6971,203.3494,0.22697406,0.04678877,0,41
220,571.696,84.043,560.446,82.105,1,101,S93,1,35,162,618.8528,106.1264,280.438,560.4004,82.0339,133.0,12.1715,11.7215,614.3623,0.17113389,-0.01527294,0,40
221,492.544,72.395,481.337,70.194,1,102,S94,1,36,163,627.0154,107.6301,280.438,481.2929,70.1228,132.861,12.1668,11.7279,534.3866,0.17487973,0.00374584,0,39
222,255.164,36.865,244.001,34.508,1,103,S95,1,33,160,618.9434,105.6347,280.438,243.9656,34.4379,131.882,12.1251,11.772,294.5131,0.19631877,-0.01698078,0,38
223,334.278,48.815,323.116,46.389,1,104,S96,1,34,161,627.106,107.1384,280.438,323.076,46.3183,132.375,12.1473,11.7514,374.4568,0.18640683,-0.00991194,0,37
224,583.25,84.008,571.992,82.125,1,107,S97,1,31,158,619.1245,104.6512,280.438,571.9454,82.054,133.021,12.2044,11.7529,625.7448,0.16793429,-0.00244463,0,34
225,176.054,24.847,164.877,22.671,1,108,S98,1,32,159,627.2872,106.1549,280.438,164.8522,22.6028,130.815,12.0701,11.8078,214.6094,0.21329955,0.04536526,0,33
226,425.003,60.323,413.769,58.308,1,109,S99,1,29,156,619.2151,104.1595,280.438,413.7257,58.2379,132.71,12.2044,11.7815,465.7754,0.17458681,-0.00633582,0,32
227,504.16,71.953,492.881,70.214,1,110,S100,1,30,157,627.3778,105.6632,280.438,492.8363,70.1433,132.884,12.2039,11.7654,545.7541,0.17037892,-0.00420789,0,31
228,591.846,83.576,583.532,82.143,1,111,S101,1,27,154,619.3057,103.6678,280.438,583.4859,82.0722,133.037,12.2356,11.7844,634.1504,0.16499695,-0.00325876,0,30
229,345.822,48.839,334.654,46.412,1,112,S102,1,28,155,627.4684,105.1715,280.438,334.6136,46.3412,132.426,12.2032,11.8042,385.8111,0.18092263,0.01592568,0,29
230,266.731,36.723,255.534,34.532,1,113,S103,1,25,152,619.3963,103.176,280.438,255.4983,34.4626,131.971,12.1991,11.8405,305.8396,0.18848605,0.01731073,0,28
231,515.589,72.719,504.42,70.233,1,114,S104,1,26,153,627.5589,104.6798,280.438,504.3744,70.1628,132.913,12.2402,11.8004,557.1487,0.16825571,-0.02023034,0,27
232,187.589,24.874,176.403,22.696,1,115,S105,1,23,150,619.4869,102.6843,280.438,176.3753,22.6279,131.035,12.183,11.904,225.9016,0.20260704,0.02882498,0,26
233,436.489,60.696,425.305,58.328,1,116,S106,1,24,151,627.6495,104.188,280.438,425.261,58.258,132.732,12.2454,11.8232,477.1544,0.17117532,-0.03143172,0,25
234,527.188,72.311,515.954,70.251,1,117,S107,1,21,148,619.5775,102.1926,280.438,515.9079,70.1807,132.932,12.2745,11.8342,568.5205,0.16413159,-0.0176143,0,24
235,357.471,48.087,346.186,46.433,1,118,S108,1,22,149,627.7401,103.6963,280.438,346.1444,46.3629,132.479,12.2547,11.8538,397.1447,0.17378206,0.00965047,0,23
236,448.095,60.212,436.835,58.347,1,119,S109,1,19,146,619.6681,101.7009,280.438,436.7905,58.2766,132.76,12.2859,11.8613,488.5145,0.16615212,-0.00440824,0,22
237,278.261,36.746,267.06,34.554,1,120,S110,1,20,147,627.8307,103.2046,280.438,267.0221,34.4846,132.052,12.266,11.9022,317.1769,0.18174589,0.01559377,0,21
238,538.728,72.265,527.483,70.269,1,121,S111,1,17,144,619.7586,101.2091,280.438,527.4369,70.1979,132.95,12.3063,11.8666,579.9011,0.16080176,-0.03101513,0,20
239,368.905,48.758,357.711,46.452,1,122,S112,1,18,145,627.9213,102.7129,280.438,357.6687,46.3818,132.514,12.3026,11.9007,408.5247,0.17056036,0.0097586,0,19
240,459.622,60.229,448.36,58.365,1,123,S113,1,15,142,619.8492,100.7174,280.438,448.3152,58.2943,132.795,12.3247,11.8987,499.8891,0.16237193,-0.01027075,0,18
241,199.149,24.636,187.918,22.717,1,124,S114,1,16,143,628.0119,102.2211,280.438,187.8875,22.6493,131.221,12.2787,11.9881,237.1911,0.19181689,0.02944496,0,17
242,550.255,72.281,539.008,70.285,1,125,S115,1,13,140,619.9398,100.2257,280.438,538.9618,70.2143,132.969,12.3373,11.8971,591.2848,0.15770715,-0.00667047,0,16
243,289.913,35.847,278.577,34.574,1,126,S116,1,14,141,628.1025,101.7294,280.438,278.5386,34.5044,132.121,12.3267,11.9604,328.4881,0.17264268,0.01493553,0,15
244,471.144,60.246,459.881,58.381,1,127,S117,1,11,138,620.0304,99.734,280.438,459.8354,58.3108,132.815,12.3587,11.9346,511.2657,0.15876154,-0.00836122,0,14
245,380.518,48.124,369.23,46.47,1,128,S118,1,12,139,628.193,101.2377,280.438,369.1874,46.3999,132.563,12.3482,11.9433,419.8696,0.16437762,0.00561608,0,13
246,561.834,71.885,550.53,70.3,1,129,S119,1,9,136,620.121,99.2422,280.438,550.4827,70.2296,132.992,12.3675,11.9259,602.6619,0.15404072,-0.00457714,0,12
247,301.412,35.948,290.088,34.592,1,130,S120,1,10,137,628.2836,100.746,280.438,290.048,34.5224,132.199,12.3836,12.0127,339.8387,0.16712276,0.01308204,0,11
248,482.73,59.756,471.397,58.397,1,131,S121,1,7,134,620.2116,98.7505,280.438,471.351,58.3265,132.842,12.3931,11.9667,522.6336,0.15433102,0.00314417,0,10
249,392.115,47.53,380.744,46.486,1,132,S122,1,8,135,628.3742,100.2542,280.438,380.7008,46.4167,132.6,12.39,11.985,431.2202,0.15861786,0.00428684,0,9
250,403.624,47.545,392.253,46.502,1,133,S123,1,5,132,620.3022,98.2588,280.438,392.2092,46.432,132.639,12.4303,12.0233,442.5908,0.15454394,0.00435794,0,8
251,573.352,71.9,562.047,70.315,1,134,S124,1,6,133,628.4648,99.7625,280.438,562.0,70.2445,132.998,12.3949,11.9537,614.0483,0.15118685,-0.00335709,0,7
252,584.917,71.533,573.561,70.329,1,135,S125,1,3,130,620.3927,97.7671,280.438,573.5139,70.2584,133.016,12.4218,11.9809,625.4297,0.14782174,0.00071562,0,6
253,494.301,59.316,482.909,58.411,1,136,S126,1,4,131,628.5554,99.2708,280.438,482.8628,58.341,132.874,12.4258,11.9981,534.004,0.150186,0.00236426,0,5
254,593.658,72.841,585.072,70.342,1,137,S127,1,1,128,620.4833,97.2753,280.438,585.0244,70.2714,133.032,12.4475,12.0072,634.268,0.14783171,0.0,0,4
255,505.805,59.358,494.417,58.425,1,138,S128,1,2,129,628.646,98.7791,280.438,494.3705,58.355,132.889,12.456,12.0287,545.3874,0.14710612,-0.00072559,0,3
256,505.705,165.57,494.6,162.832,2,3,S1,2,127,382,598.7745,189.5518,286.036,494.5681,162.7534,132.927,12.1811,11.7343,570.6153,0.33231435,0.00070852,1,68
257,538.233,176.433,526.835,174.555,2,4,S2,2,128,383,606.7515,191.8446,286.036,526.8029,174.4766,132.983,12.2064,11.7558,604.9077,0.33174735,-0.000567,1,67
258,473.134,154.84,462.362,151.109,2,5,S3,2,125,380,598.9126,189.0713,286.036,462.3307,151.0308,132.868,12.1527,11.7101,536.3261,0.33321442,-0.00167761,1,66
259,549.053,180.068,538.817,174.694,2,6,S4,2,126,381,606.8896,191.3641,286.036,538.7834,174.616,132.996,12.1389,11.6844,616.3216,0.33160583,-0.00160859,1,65
260,516.678,168.753,506.574,162.97,2,7,S5,2,123,378,599.0507,188.5908,286.036,506.5408,162.8918,132.951,12.1091,11.6585,582.0267,0.33133349,-0.00253863,1,64
261,397.293,129.4,385.905,127.521,2,8,S6,2,124,379,607.0277,190.8836,286.036,385.8753,127.4441,132.678,12.1702,11.7454,456.3363,0.33489203,0.00355854,1,63
262,364.761,118.539,353.667,115.802,2,9,S7,2,121,376,599.1888,188.1102,286.036,353.638,115.7254,132.564,12.1315,11.7134,422.0422,0.33592173,0.01015978,1,62
263,440.621,143.936,430.122,139.386,2,10,S8,2,122,377,607.1659,190.403,286.036,430.0905,139.309,132.792,12.1194,11.6812,502.035,0.33387212,-0.00204961,1,61
264,484.437,157.029,474.328,151.245,2,11,S9,2,119,374,599.327,187.6297,286.036,474.2951,151.1677,132.894,12.0765,11.6288,547.7257,0.33024136,-0.00330871,1,60
265,560.994,180.3,550.777,174.826,2,12,S10,2,120,375,607.304,189.9225,286.036,550.743,174.7476,133.021,12.0744,11.6142,627.6983,0.32576195,-0.00447941,1,59
266,332.185,107.811,321.425,104.085,2,13,S11,2,117,372,599.4651,187.1491,286.036,321.397,104.0084,132.431,12.0851,11.6762,387.751,0.3374948,-0.00540507,1,58
267,408.266,132.554,397.877,127.665,2,14,S12,2,118,373,607.4421,189.4419,286.036,397.8469,127.5876,132.702,12.0792,11.6488,467.7367,0.33355007,-0.00394473,1,57
268,529.025,167.701,518.525,163.099,2,15,S13,2,115,370,599.6032,186.6686,286.036,518.4918,163.0216,132.974,12.0406,11.5849,593.3811,0.32288804,-0.00456026,1,56
269,256.165,82.897,244.968,80.504,2,16,S14,2,116,371,607.5802,188.9614,286.036,244.9452,80.4291,131.96,12.0891,11.7219,307.7744,0.34289987,0.02001183,1,55
270,376.018,120.833,365.628,115.945,2,17,S15,2,113,368,599.7413,186.188,286.036,365.5984,115.8676,132.601,12.0335,11.6093,433.4289,0.33235719,0.01554788,1,54
271,452.435,144.543,442.077,139.521,2,18,S16,2,114,369,607.7183,188.4808,286.036,442.0451,139.4443,132.819,12.0385,11.5942,513.4062,0.3274483,-0.00490889,1,53
272,300.056,95.723,289.177,92.369,2,19,S17,2,111,366,599.8794,185.7075,286.036,289.1508,92.2937,132.26,12.0262,11.63,353.4327,0.33532354,0.01443081,1,52
273,570.824,177.609,562.717,174.95,2,20,S18,2,112,367,607.8565,188.0003,286.036,562.6824,174.8722,133.037,12.0107,11.5479,636.1756,0.31680931,-0.01851423,1,51
274,420.183,132.819,409.822,127.798,2,21,S19,2,109,364,600.0176,185.2269,286.036,409.7903,127.7217,132.74,11.9937,11.5561,479.0976,0.32592895,-0.01794739,1,50
275,496.841,155.756,486.27,151.373,2,22,S20,2,110,365,607.9946,187.5197,286.036,486.2364,151.2961,132.911,12.0036,11.5501,559.0711,0.32089273,-0.00503622,1,49
276,541.195,167.087,530.456,163.222,2,23,S21,2,107,362,600.1557,184.7464,286.036,530.422,163.1442,132.986,11.9742,11.5137,604.7437,0.31553958,-0.01394144,1,48
277,223.766,71.614,212.723,68.798,2,24,S22,2,108,363,608.1327,187.0392,286.036,212.7024,68.7243,131.661,12.0116,11.6667,273.4681,0.34387634,0.02833676,1,47
278,464.642,143.832,454.008,139.648,2,25,S23,2,105,360,600.2938,184.2659,286.036,453.9756,139.5704,132.843,11.9613,11.511,524.756,0.31868347,-0.01841785,1,46
279,343.947,108.549,333.373,104.226,2,26,S24,2,106,361,608.2708,186.5587,286.036,333.3442,104.1496,132.475,11.9784,11.562,399.1067,0.32948102,0.01079755,1,45
280,388.02,120.791,377.56,116.076,2,27,S25,2,103,358,600.4319,183.7853,286.036,377.529,115.9993,132.647,11.9409,11.5092,444.778,0.3234636,0.00991529,1,44
281,267.484,84.973,256.922,80.658,2,28,S26,2,104,359,608.4089,186.0781,286.036,256.8975,80.5828,132.048,11.953,11.5727,319.1378,0.33710132,0.01363772,1,43
282,311.378,97.798,301.11,92.509,2,29,S27,2,101,356,600.57,183.3048,286.036,301.0819,92.4334,132.32,11.9169,11.5055,364.8112,0.3304817,0.01389044,1,42
283,508.929,155.359,498.19,151.494,2,30,S28,2,102,357,608.5471,185.5976,286.036,498.1558,151.4166,132.924,11.9329,11.4756,570.4322,0.31354831,-0.01693339,1,41
284,553.223,166.836,542.367,163.337,2,31,S29,2,99,354,600.7082,182.8242,286.036,542.3326,163.26,133.01,11.9102,11.4452,616.1127,0.30909388,-0.04128121,1,40
285,432.376,132.106,421.74,127.922,2,32,S30,2,100,355,608.6852,185.117,286.036,421.7082,127.8452,132.769,11.9106,11.466,490.4418,0.31659126,0.00749738,1,39
286,355.753,109.069,345.29,104.355,2,33,S31,2,97,352,600.8463,182.3437,286.036,345.2596,104.2789,132.516,11.9087,11.4547,410.4594,0.32137337,0.01066191,1,38
287,190.968,61.52,180.468,57.101,2,34,S32,2,98,353,608.8233,184.6365,286.036,180.4507,57.0287,131.225,11.9534,11.5928,239.1923,0.35037509,0.02900172,1,37
288,235.094,73.648,224.657,68.951,2,37,S33,2,95,350,601.1225,181.3826,286.036,224.6342,68.8775,131.77,11.9388,11.5044,284.825,0.33719081,-0.02251604,1,34
289,476.749,143.326,465.917,139.765,2,38,S34,2,96,351,609.0996,183.6754,286.036,465.8831,139.6884,132.865,11.8931,11.432,536.1119,0.31071146,-0.02647935,1,33
290,520.997,154.928,510.09,151.607,2,39,S35,2,93,348,601.2606,180.902,286.036,510.055,151.5298,132.953,11.8895,11.4042,581.7936,0.30644574,-0.005613,1,32
291,125.978,39.464,114.952,36.849,2,40,S36,2,94,349,609.2377,183.1949,286.036,114.9401,36.7784,144.007,13.3284,11.684,170.5875,0.35970685,0.05326111,1,31
292,565.149,166.84,554.26,163.446,2,41,S37,2,91,346,601.3988,180.4215,286.036,554.2247,163.3694,133.021,11.8865,11.3819,627.4852,0.30331837,-0.02224786,1,30
293,400.385,119.45,389.464,116.197,2,42,S38,2,92,347,609.3758,182.7143,286.036,389.4326,116.1208,132.67,11.9031,11.4184,456.1052,0.31205874,0.00874037,1,29
294,444.528,131.394,433.635,128.037,2,43,S39,2,89,344,601.5369,179.941,286.036,433.6022,127.9607,132.788,11.8968,11.3888,501.788,0.30770316,-0.00923013,1,28
295,279.411,85.114,268.836,80.795,2,44,S40,2,90,345,609.5139,182.2338,286.036,268.8093,80.7204,132.131,11.9267,11.4437,330.4621,0.32556623,0.01786307,1,27
296,488.676,143.312,477.804,139.876,2,45,S41,2,87,342,601.675,179.4604,286.036,477.7696,139.7992,132.894,11.8933,11.3681,547.4758,0.30402647,-0.03740227,1,26
297,323.694,96.636,313.009,92.635,2,46,S42,2,88,343,609.652,181.7532,286.036,312.9794,92.5599,132.384,11.9168,11.4039,376.1182,0.31693329,0.01290682,1,25
298,532.911,154.927,521.97,151.713,2,47,S43,2,85,340,601.8131,178.9799,286.036,521.935,151.6363,132.966,11.8887,11.3497,593.1631,0.30038486,-0.00911035,1,24
299,159.286,47.991,148.196,45.42,2,48,S44,2,86,341,609.7902,181.2727,286.036,148.1842,45.3494,130.565,11.9723,11.5181,204.7995,0.34142874,0.04104388,1,23
300,574.053,165.902,566.135,163.55,2,49,S45,2,83,338,601.9512,178.4993,286.036,566.0993,163.4727,133.035,11.8855,11.3369,635.7125,0.29772666,-0.00729892,1,22
301,368.048,107.882,357.177,104.473,2,50,S46,2,84,339,609.9283,180.7921,286.036,357.1464,104.3971,132.574,11.9094,11.3738,421.7797,0.30949521,0.01176855,1,21
302,203.663,59.22,192.375,57.253,2,51,S47,2,81,336,602.0894,178.0188,286.036,192.3555,57.181,131.382,11.9518,11.4389,250.4113,0.32434368,0.02370658,1,20
303,412.194,119.805,401.344,116.309,2,52,S48,2,82,337,610.0664,180.3116,286.036,401.3109,116.2331,132.712,11.9023,11.3531,467.4644,0.30502558,-0.0193181,1,19
304,247.895,70.86,236.546,69.086,2,53,S49,2,79,334,602.2275,177.5382,286.036,236.5217,69.0122,131.874,11.9369,11.3911,296.0624,0.3139975,0.01695384,1,18
305,456.44,131.375,445.508,128.145,2,54,S50,2,80,335,610.2045,179.831,286.036,445.4739,128.0684,132.816,11.8959,11.3364,513.1476,0.3006371,-0.0133604,1,17
306,544.692,155.312,533.833,151.814,2,55,S51,2,77,332,602.3656,177.0577,286.036,533.7972,151.7369,132.99,11.8888,11.3496,604.5386,0.29522703,-0.01313194,1,16
307,500.672,142.986,489.671,139.979,2,56,S52,2,78,333,610.3426,179.3505,286.036,489.6361,139.9029,132.909,11.8921,11.3432,558.8376,0.29704366,0.00181663,1,15
308,335.991,95.323,324.877,92.75,2,57,S53,2,75,330,602.5037,176.5771,286.036,324.8464,92.6746,132.423,11.9141,11.3608,387.4269,0.30382072,0.00386492,1,14
309,291.93,83.134,280.713,80.918,2,58,S54,2,76,331,610.4808,178.87,286.036,280.685,80.8433,132.195,11.9245,11.3592,341.7408,0.30835897,0.00453825,1,13
310,424.201,119.397,413.2,116.413,2,59,S55,2,73,328,602.6418,176.0966,286.036,413.1664,116.3372,132.739,11.9007,11.3768,478.8113,0.29668174,0.00255513,1,12
311,380.087,107.394,369.039,104.582,2,60,S56,2,74,329,610.6189,178.3894,286.036,369.0068,104.5061,132.602,11.9067,11.3682,433.1178,0.2999558,0.00327406,1,11
312,512.397,143.514,501.52,140.077,2,61,S57,2,71,326,602.78,175.6161,286.036,501.4839,140.0004,132.933,11.8904,11.392,570.2112,0.29191051,-0.01687912,1,10
313,468.294,131.475,457.36,128.245,2,62,S58,2,72,327,610.757,177.9089,286.036,457.3255,128.1685,132.841,11.8948,11.3842,524.5106,0.29412661,0.0022161,1,9
314,556.65,155.022,545.679,151.908,2,63,S59,2,69,324,602.9181,175.1355,286.036,545.6421,151.8317,132.999,11.8865,11.3994,615.9063,0.28912749,-0.01137155,1,8
315,259.188,72.844,248.397,69.205,2,64,S60,2,70,325,610.8951,177.4283,286.036,248.3704,69.1308,131.961,11.9321,11.4207,307.4202,0.30878963,0.01966214,1,7
316,347.829,95.426,336.717,92.854,2,65,S61,2,67,322,603.0562,174.655,286.036,336.6861,92.7793,132.482,11.9123,11.4316,398.7684,0.29518586,0.00376031,1,6
317,303.57,83.929,292.558,81.028,2,66,S62,2,68,323,611.0332,176.9478,286.036,292.5285,80.9535,132.259,11.921,11.4257,353.084,0.30049904,0.00531318,1,5
318,436.12,119.196,425.035,116.51,2,67,S63,2,65,320,603.1943,174.1744,286.036,425.0003,116.434,132.762,11.8973,11.4445,490.1646,0.28918067,0.0019919,1,4
319,392.029,107.119,380.876,104.682,2,68,S64,2,66,321,611.1714,176.4672,286.036,380.8433,104.6063,132.639,11.9047,11.4374,444.4615,0.29142555,0.00224488,1,3
320,524.351,143.173,513.351,140.168,2,73,S65,2,63,318,603.6087,172.7328,286.036,513.3146,140.092,132.95,11.9134,11.4552,581.5736,0.28543368,0.0015462,0,68
321,480.23,131.206,469.193,128.339,2,74,S66,2,64,319,611.5857,175.0256,286.036,469.1574,128.2627,132.868,11.9006,11.4506,535.869,0.28718877,0.00175509,0,67
322,215.059,60.865,204.234,57.384,2,75,S67,2,61,316,603.7468,172.2523,286.036,204.212,57.3115,131.532,11.948,11.4157,261.7456,0.31642551,-0.0072415,0,66
323,568.481,155.112,557.508,151.998,2,76,S68,2,62,317,611.7238,174.5451,286.036,557.4712,151.9216,133.021,11.9237,11.4599,627.2805,0.28388748,-0.03253803,0,65
324,403.305,109.164,392.691,104.774,2,77,S69,2,59,314,603.8849,171.7717,286.036,392.6573,104.6988,132.677,11.9523,11.521,455.8514,0.28861537,0.00323694,0,64
325,171.152,48.135,160.068,45.57,2,78,S70,2,60,315,611.862,174.0645,286.036,160.0528,45.4995,130.819,11.9681,11.4131,216.0628,0.32366701,0.03505164,0,63
326,491.817,132.127,481.008,128.427,2,79,S71,2,57,312,604.0231,171.2912,286.036,480.9715,128.351,132.893,11.9696,11.5198,547.2475,0.28280532,0.00177593,0,62
327,447.57,120.613,436.85,116.6,2,80,S72,2,58,313,612.0001,173.584,286.036,436.8147,116.524,132.792,11.9618,11.5211,501.5469,0.28537843,0.00257311,0,61
328,577.17,154.599,569.323,152.083,2,81,S73,2,55,310,604.1612,170.8106,286.036,569.2853,152.0064,133.031,11.9804,11.5187,635.4848,0.27928284,-0.01251398,0,60
329,536.001,143.87,525.165,140.254,2,82,S74,2,56,311,612.1382,173.1034,286.036,525.1283,140.1783,132.966,11.975,11.5201,592.9542,0.28102939,0.00174655,0,59
330,315.011,85.389,304.373,81.128,2,83,S75,2,53,308,604.2993,170.3301,286.036,304.3427,81.0541,132.326,11.924,11.5237,364.4499,0.29503345,-0.00502639,0,58
331,359.122,97.407,348.533,92.95,2,84,S76,2,54,309,612.2763,172.6229,286.036,348.5002,92.8753,132.525,11.9401,11.5219,410.1516,0.29179682,-0.00323663,0,57
332,226.744,61.489,216.051,57.497,2,85,S77,2,51,306,604.4374,169.8495,286.036,216.0272,57.4247,131.65,11.9417,11.5302,273.0616,0.30528121,-0.00884594,0,56
333,270.824,73.635,260.213,69.31,2,86,S78,2,52,307,612.4144,172.1423,286.036,260.1854,69.2361,132.047,11.9275,11.5254,318.7584,0.30005984,-0.00522137,0,55
334,138.374,37.876,127.716,33.917,2,87,S79,2,49,304,604.5755,169.369,286.036,127.7076,33.8481,129.909,11.9821,11.5585,181.7253,0.32751118,0.05094519,0,54
335,182.566,49.676,171.887,45.696,2,88,S80,2,50,305,612.5526,171.6618,286.036,171.8683,45.6244,131.039,11.9604,11.5385,227.3846,0.31412715,-0.01338403,0,53
336,547.911,143.549,536.965,140.336,2,89,S81,2,47,302,604.7137,168.8884,286.036,536.927,140.2599,132.98,12.035,11.58,604.3188,0.27505306,-0.00337183,0,52
337,503.691,131.948,492.806,128.509,2,90,S82,2,48,303,612.6907,171.1812,286.036,492.7687,128.4336,132.916,12.0352,11.5868,558.6108,0.27656599,0.00151293,0,51
338,415.309,108.512,404.486,104.86,2,91,S83,2,45,300,604.8518,168.4079,286.036,404.4512,104.7847,132.71,12.032,11.6017,467.1908,0.27996425,-0.00287631,0,50
339,459.458,120.384,448.646,116.684,2,92,S84,2,46,301,612.8288,170.7007,286.036,448.6103,116.6085,132.815,12.0339,11.5934,512.902,0.27842489,-0.00153936,0,49
340,326.883,85.226,316.163,81.219,2,93,S85,2,43,298,604.9899,167.9274,286.036,316.1313,81.1444,132.383,12.0271,11.6261,375.7789,0.28543191,-0.00332034,0,48
341,371.049,97.048,360.325,93.038,2,94,S86,2,44,299,612.9669,170.2202,286.036,360.2918,92.9631,132.564,12.0307,11.613,421.4881,0.28284056,-0.00259135,0,47
342,238.541,61.593,227.833,57.596,2,95,S87,2,41,296,605.128,167.4468,286.036,227.8064,57.5234,131.771,12.0141,11.6669,284.3653,0.29316083,0.02335322,0,46
343,282.714,73.407,271.999,69.404,2,96,S88,2,42,297,613.1051,169.7396,286.036,271.9696,69.3305,132.129,12.0221,11.6432,330.0709,0.28875225,-0.00440858,0,45
344,515.507,131.909,504.588,128.587,2,97,S89,2,39,294,605.2661,166.9663,286.036,504.5505,128.5112,132.932,12.0972,11.6501,569.9765,0.27083955,-0.02846293,0,44
345,559.724,143.527,548.749,140.412,2,98,S90,2,40,295,613.2432,169.2591,286.036,548.7111,140.3367,133.0,12.0927,11.6385,615.6902,0.26980761,-0.00103194,0,43
346,471.397,119.874,460.425,116.762,2,99,S91,2,37,292,605.4043,166.4857,286.036,460.3888,116.6869,132.843,12.1024,11.6623,524.2546,0.27123044,-0.00145485,0,42
347,194.361,49.788,183.661,45.801,2,100,S92,2,38,293,613.3813,168.7785,286.036,183.6395,45.7303,131.216,11.9992,11.6996,238.6633,0.29930248,0.02807204,0,41
348,150.167,38.0,139.479,34.033,2,101,S93,2,35,290,605.5424,166.0052,286.036,139.4662,33.9638,130.266,11.9686,11.75,192.9664,0.30845878,0.03620361,0,40
349,427.167,108.297,416.262,104.939,2,102,S94,2,36,291,613.5194,168.298,286.036,416.2264,104.8642,132.741,12.1077,11.6781,478.5404,0.27268529,-0.03577349,0,39
350,571.521,143.506,560.52,140.485,2,103,S95,2,33,288,605.6805,165.5246,286.036,560.4817,140.4093,133.013,12.1475,11.6947,627.0628,0.26476075,-0.00948563,0,38
351,383.174,95.801,372.097,93.118,2,104,S96,2,34,289,613.6575,167.8174,286.036,372.0624,93.0439,132.595,12.1141,11.6973,432.8075,0.27225517,0.00749442,0,37
352,527.408,131.471,516.355,128.66,2,107,S97,2,31,286,605.9567,164.5635,286.036,516.3172,128.5843,132.952,12.1562,11.7103,581.3376,0.26463651,-0.01064949,0,34
353,338.934,84.25,327.929,81.301,2,108,S98,2,32,287,613.9338,166.8563,286.036,327.8964,81.2269,132.428,12.1225,11.7206,387.0917,0.27424638,0.00960987,0,33
354,483.216,119.739,472.189,116.835,2,109,S99,2,29,284,606.0949,164.083,286.036,472.1515,116.7604,132.858,12.166,11.7271,535.6155,0.26507565,-0.01374373,0,32
355,294.817,72.207,283.758,69.488,2,110,S100,2,30,285,614.0719,166.3758,286.036,283.7275,69.4149,132.201,12.1331,11.7517,341.362,0.275286,0.01021035,0,31
356,439.107,107.672,428.02,105.013,2,111,S101,2,27,282,606.233,163.6025,286.036,427.9839,104.9382,132.762,12.1783,11.749,489.8858,0.26489244,0.00471964,0,30
357,250.536,60.785,239.582,57.683,2,112,S102,2,28,283,614.21,165.8953,286.036,239.5542,57.6104,131.872,12.1451,11.7932,295.6454,0.27881938,0.01392694,0,29
358,394.882,96.057,383.849,93.193,2,113,S103,2,25,280,606.3711,163.1219,286.036,383.8135,93.1186,132.631,12.1925,11.7757,444.1626,0.26572202,0.00545969,0,28
359,580.398,142.892,572.278,140.554,2,114,S104,2,26,281,614.3481,165.4147,286.036,572.239,140.4783,133.035,12.2003,11.7474,635.4765,0.2601728,-0.00554922,0,27
360,206.344,48.986,195.397,45.892,2,115,S105,2,23,278,606.5092,162.6414,286.036,195.3736,45.8204,131.383,12.1603,11.8516,249.9141,0.2820974,0.01634773,0,26
361,539.062,131.943,528.109,128.728,2,116,S106,2,24,279,614.4863,164.9342,286.036,528.0704,128.6528,132.972,12.2124,11.7669,592.7151,0.26026233,-0.02183507,0,25
362,494.966,119.808,483.937,116.904,2,117,S107,2,21,276,606.6473,162.1608,286.036,483.8993,116.8292,132.896,12.228,11.7898,546.9815,0.25956959,-0.0080108,0,24
363,350.748,84.057,339.674,81.376,2,118,S108,2,22,277,614.6244,164.4536,286.036,339.6401,81.3019,132.473,12.2108,11.8088,398.4263,0.26574967,0.00618008,0,23
364,450.738,108.194,439.762,105.082,2,119,S109,2,19,274,606.7855,161.6803,286.036,439.7252,105.007,132.793,12.2452,11.817,501.2542,0.2598226,-0.02715411,0,22
365,306.458,72.671,295.494,69.564,2,120,S110,2,20,275,614.7625,163.9731,286.036,295.4616,69.4907,132.259,12.2338,11.8507,352.7013,0.26758039,0.00775779,0,21
366,550.831,131.907,539.849,128.793,2,121,S111,2,17,272,606.9236,161.1997,286.036,539.8101,128.7177,132.983,12.2665,11.8206,604.0862,0.25519126,-0.00417717,0,20
367,162.134,37.21,151.196,34.127,2,122,S112,2,18,273,614.9006,163.4925,286.036,151.1792,34.058,130.565,12.1786,11.9394,204.1759,0.28697671,0.03178545,0,19
368,262.485,59.961,251.305,57.76,2,123,S113,2,15,270,607.0617,160.7192,286.036,251.275,57.6877,131.972,12.2635,11.9079,306.9333,0.26552362,0.01123513,0,18
369,406.59,96.244,395.584,93.262,2,124,S114,2,16,271,615.0387,163.012,286.036,395.5476,93.1871,132.674,12.2673,11.85,455.518,0.25936843,-0.00615519,0,17
370,362.565,83.755,351.399,81.445,2,125,S115,2,13,268,607.1998,160.2386,286.036,351.3645,81.3713,132.525,12.2938,11.8912,409.7632,0.25746447,-0.0071322,0,16
371,506.703,119.874,495.671,116.969,2,126,S116,2,14,269,615.1769,162.5315,286.036,495.633,116.8941,132.91,12.2858,11.8487,558.35,0.25428849,-0.00317598,0,15
372,462.648,107.516,451.489,105.146,2,127,S117,2,11,266,607.3379,159.7581,286.036,451.4518,105.0713,132.817,12.3085,11.8796,512.6037,0.25257516,0.00274926,0,14
373,218.38,47.716,207.102,45.969,2,128,S118,2,12,267,615.315,162.0509,286.036,207.0762,45.8982,131.524,12.3018,11.9865,261.1608,0.26459667,0.01202151,0,13
374,318.625,70.859,307.207,69.633,2,129,S119,2,9,264,607.4761,159.2776,286.036,307.1738,69.5598,132.321,12.3264,11.9428,363.9901,0.25394098,0.00392546,0,12
375,562.655,131.579,551.578,128.854,2,130,S120,2,10,265,615.4531,161.5704,286.036,551.5381,128.7791,132.999,12.3178,11.8732,615.4533,0.2498259,-0.00411508,0,11
376,518.592,119.235,507.393,117.03,2,131,S121,2,7,262,607.6142,158.797,286.036,507.3536,116.9548,132.931,12.341,11.9041,569.7074,0.24795325,6.869e-05,0,10
377,418.64,94.924,407.302,93.326,2,132,S122,2,8,263,615.5912,161.0898,286.036,407.265,93.2515,132.702,12.3359,11.9191,466.8468,0.25001552,0.00206227,0,9
378,474.556,106.74,463.203,105.206,2,133,S123,2,5,260,607.7523,158.3165,286.036,463.1641,105.1317,132.844,12.3683,11.941,523.9533,0.24546155,0.00185566,0,8
379,374.526,82.733,363.107,81.508,2,134,S124,2,6,261,615.7293,160.6093,286.036,363.0712,81.4345,132.561,12.3696,11.9674,421.0891,0.24788456,0.00242301,0,7
380,430.439,94.548,419.005,93.385,2,135,S125,2,3,258,607.8904,157.8359,286.036,418.9676,93.3106,132.737,12.4016,11.9842,478.1972,0.24314883,0.00229946,0,6
381,574.615,130.607,563.294,128.912,2,136,S126,2,4,259,615.8675,160.1287,286.036,563.2543,128.8375,133.023,12.367,11.9233,626.8139,0.24360589,0.00045706,0,5
382,583.181,132.8,575.0,128.967,2,137,S127,2,1,256,608.0286,157.3554,286.036,574.9596,128.8927,133.029,12.4134,11.9715,635.6559,0.24370359,0.0,0,4
383,530.596,118.016,519.102,117.087,2,138,S128,2,2,257,616.0056,159.6482,286.036,519.0622,117.012,132.95,12.3939,11.958,581.0598,0.24084937,-0.00285422,0,3
384,475.253,212.703,465.328,206.983,3,3,S1,3,127,510,577.4203,247.0641,291.641,465.3043,206.9018,132.904,12.2077,11.7641,559.8635,0.42979372,-0.00124263,1,68
385,527.46,235.946,517.531,230.223,3,4,S2,3,128,511,585.1352,250.1251,291.641,517.5066,230.142,133.005,12.2166,11.7649,617.0077,0.42878126,-0.00101246,1,67
386,506.671,226.448,497.612,218.751,3,5,S3,3,125,508,577.6047,246.5994,291.641,497.5873,218.6703,132.962,12.1656,11.7152,594.1517,0.42878987,-0.00266968,1,66
387,423.046,189.46,413.124,183.743,3,6,S4,3,126,509,585.3196,249.6603,291.641,413.1015,183.6627,132.79,12.1965,11.7624,502.7201,0.43103635,0.00224648,1,65
388,454.814,202.417,445.407,195.512,3,7,S5,3,123,506,577.7891,246.1346,291.641,445.3834,195.432,132.865,12.1514,11.7088,536.9981,0.42824079,0.00523055,1,64
389,371.046,165.754,360.92,160.504,3,8,S6,3,124,507,585.504,249.1956,291.641,360.8991,160.4241,132.633,12.1822,11.7612,445.5717,0.43145955,0.00321876,1,63
390,319.085,141.955,308.716,137.266,3,9,S7,3,121,504,577.9735,245.6699,291.641,308.6966,137.1869,132.432,12.1641,11.7588,388.42,0.4317478,0.00313463,1,62
391,539.326,237.383,529.889,230.514,3,10,S8,3,122,505,585.6884,248.7308,291.641,529.8633,230.433,133.02,12.1293,11.6732,628.4074,0.42301024,-0.00873756,1,61
392,487.222,213.907,477.682,207.275,3,11,S9,3,119,502,578.1578,245.2051,291.641,477.6574,207.1948,132.932,12.1119,11.6615,571.2589,0.42297927,-0.01249999,1,60
393,402.751,178.847,393.202,172.274,3,12,S10,3,120,503,585.8728,248.2661,291.641,393.1792,172.1946,132.73,12.1316,11.6996,479.8486,0.42861317,0.0056339,1,59
394,350.713,155.218,340.996,149.038,3,13,S11,3,117,500,578.3422,244.7404,291.641,340.9745,148.9585,132.569,12.108,11.6885,422.6973,0.42893471,0.00668766,1,58
395,266.669,119.166,256.511,114.029,3,14,S12,3,118,501,586.0572,247.8013,291.641,256.494,113.9519,132.122,12.1358,11.7552,331.2799,0.43547926,0.00654455,1,57
396,520.094,224.294,509.95,219.034,3,15,S13,3,115,498,578.5266,244.2756,291.641,509.9245,218.9535,132.988,12.0763,11.6203,605.5109,0.41633744,-0.01696134,1,56
397,435.259,190.103,425.474,184.038,3,16,S14,3,116,499,586.2416,247.3366,291.641,425.4505,183.9581,132.814,12.0885,11.6475,514.1045,0.42224705,0.00590961,1,55
398,382.878,167.255,373.265,160.802,3,17,S15,3,113,496,578.711,243.8109,291.641,373.2427,160.7225,132.675,12.0607,11.631,456.9612,0.42361489,0.00708748,1,54
399,298.092,132.907,288.788,125.803,3,18,S16,3,114,497,586.426,246.8718,291.641,288.7689,125.7253,132.325,12.0727,11.6741,365.5676,0.43329878,0.00968389,1,53
400,549.969,234.314,542.212,230.789,3,19,S17,3,111,494,578.8954,243.3461,291.641,542.1859,230.708,133.033,12.045,11.5835,636.8928,0.41175612,-0.02946336,1,52
401,467.786,201.278,457.74,195.796,3,20,S18,3,112,495,586.6104,246.4071,291.641,457.7147,195.7159,132.895,12.0524,11.6028,548.3633,0.41652741,0.00477129,1,51
402,330.47,144.468,321.054,137.568,3,21,S19,3,109,492,579.0798,242.8813,291.641,321.033,137.4891,132.482,12.0222,11.6075,399.8195,0.42554056,0.00932903,1,50
403,214.197,96.488,204.304,90.796,3,22,S20,3,110,493,586.7948,245.9423,291.641,204.2918,90.7201,131.657,12.093,11.7518,274.1432,0.44121948,0.01567892,1,49
404,500.386,212.248,489.999,207.55,3,23,S21,3,107,490,579.2642,242.4166,291.641,489.9731,207.47,132.948,12.0175,11.5633,582.6228,0.41110795,-0.02196488,1,48
405,415.583,178.013,405.527,172.56,3,24,S22,3,108,491,586.9792,245.4775,291.641,405.5031,172.48,132.761,12.0196,11.5806,491.211,0.41621153,0.00510358,1,47
406,161.969,73.244,152.095,67.569,3,25,S23,3,105,488,579.4486,241.9518,291.641,152.0896,67.4964,130.813,12.0155,11.7423,216.9946,0.44714416,0.03959945,1,46
407,246.239,108.842,236.578,102.573,3,26,S24,3,106,489,587.1636,245.0128,291.641,236.5619,102.496,131.956,12.0217,11.6513,308.4025,0.43307283,-0.01407133,1,45
408,448.015,189.368,437.783,184.313,3,27,S25,3,103,486,579.633,241.4871,291.641,437.7578,184.2333,132.841,11.9845,11.5383,525.472,0.41102263,-0.00478234,1,44
409,532.674,223.926,522.253,219.301,3,28,S26,3,104,487,587.348,244.548,291.641,522.2268,219.2207,132.998,11.9891,11.5276,616.8913,0.40754471,-0.00347792,1,43
410,278.563,120.514,268.839,114.337,3,29,S27,3,101,484,579.8174,241.0223,291.641,268.8204,114.2595,132.193,11.9669,11.5752,342.6535,0.42440302,-0.00949667,1,42
411,363.379,154.744,353.312,149.325,3,30,S28,3,102,485,587.5324,244.0833,291.641,353.2891,149.2459,132.599,11.9789,11.552,434.0562,0.41580497,-0.00859805,1,41
412,480.488,200.6,470.033,196.063,3,31,S29,3,99,482,580.0018,240.5576,291.641,470.0076,195.9825,132.911,11.9546,11.5004,559.7346,0.40623825,-0.00301791,1,40
413,194.263,85.04,184.364,79.349,3,32,S30,3,100,483,587.7168,243.6185,291.641,184.3524,79.2749,131.391,11.9481,11.6179,251.2362,0.43389969,0.02766144,1,39
414,122.023,50.384,110.375,48.881,3,33,S31,3,97,480,580.1862,240.0928,291.641,110.37,48.8092,144.013,13.3246,11.7763,171.124,0.42762377,0.02493949,1,38
415,395.945,165.771,385.563,161.077,3,34,S32,3,98,481,587.9011,243.1538,291.641,385.5391,160.998,132.706,11.9428,11.5049,468.3114,0.40925616,-0.01836761,1,37
416,311.463,130.782,301.092,126.093,3,37,S33,3,95,478,580.555,239.1633,291.641,301.0708,126.0152,132.379,11.923,11.514,376.8862,0.41328435,0.00892484,1,34
417,512.799,212.201,502.28,207.809,3,38,S34,3,96,479,588.2699,242.2242,291.641,502.2533,207.729,132.96,11.9279,11.4676,594.0039,0.40268428,-0.01060007,1,33
418,545.006,224.038,534.523,219.553,3,39,S35,3,93,476,580.7394,238.6985,291.641,534.4961,219.4728,133.016,11.9047,11.4384,628.2759,0.3999285,-0.0217033,1,32
419,428.352,177.145,417.809,172.825,3,40,S36,3,94,477,588.4543,241.7595,291.641,417.7845,172.7454,132.796,11.9123,11.4659,502.5742,0.40435951,0.00443101,1,31
420,343.919,142.049,333.338,137.843,3,41,S37,3,91,474,580.9238,238.2338,291.641,333.3152,137.765,132.519,11.9094,11.4631,411.1436,0.40667697,0.00591102,1,30
421,226.78,96.247,216.618,91.113,3,42,S38,3,92,475,588.6387,241.2947,291.641,216.603,91.037,131.773,11.9377,11.5289,285.4729,0.4216318,0.01495483,1,29
422,259.157,107.722,248.864,102.866,3,43,S39,3,89,472,581.1082,237.769,291.641,248.8458,102.7896,132.053,11.9292,11.4668,319.7227,0.41293591,0.01074429,1,28
423,460.612,188.852,450.052,184.57,3,44,S40,3,90,473,588.8231,240.83,291.641,450.026,184.4902,132.866,11.894,11.4313,536.8419,0.40076595,-0.01216996,1,27
424,492.912,200.452,482.291,196.312,3,45,S41,3,87,470,581.2926,237.3043,291.641,482.2646,196.2323,132.927,11.8902,11.4026,571.1112,0.39740381,-0.02688097,1,26
425,376.175,153.766,365.579,149.589,3,46,S42,3,88,471,589.0075,240.3652,291.641,365.5552,149.5104,132.637,11.9036,11.4246,445.4081,0.40219162,0.00478781,1,25
426,525.104,212.307,514.528,208.053,3,47,S43,3,85,468,581.477,236.8395,291.641,514.5007,207.9728,132.985,11.8881,11.379,605.3846,0.39487978,-0.00384729,1,24
427,143.12,59.287,132.139,56.143,3,48,S44,3,86,469,589.1919,239.9005,291.641,132.1373,56.0728,130.257,11.9749,11.5754,194.0145,0.42428478,0.029405,1,23
428,291.761,118.613,281.104,114.613,3,49,S45,3,83,466,581.6614,236.3748,291.641,281.0835,114.5361,132.26,11.9215,11.4194,353.9704,0.40415423,0.01146159,1,22
429,408.358,165.65,397.817,161.332,3,50,S46,3,84,467,589.3763,239.4357,291.641,397.7919,161.253,132.732,11.9001,11.3931,479.6778,0.39872707,-0.00542716,1,21
430,440.547,177.509,430.052,173.072,3,51,S47,3,81,464,581.8457,235.91,291.641,430.0258,172.9925,132.811,11.8959,11.3692,513.9483,0.39567519,-0.02141064,1,20
431,554.37,222.996,546.763,219.791,3,52,S48,3,82,465,589.5607,238.971,291.641,546.7347,219.7111,133.031,11.8849,11.36,636.5119,0.39269264,-0.00298255,1,19
432,324.166,129.951,313.339,126.356,3,53,S49,3,79,462,582.0301,235.4452,291.641,313.3171,126.278,132.439,11.9148,11.3847,388.2302,0.39818241,0.00571774,1,18
433,175.014,71.891,164.385,67.902,3,54,S50,3,80,463,589.7451,238.5062,291.641,164.3761,67.8288,131.037,11.9619,11.4821,228.2752,0.41708583,0.01890342,1,17
434,356.089,142.461,345.572,138.096,3,55,S51,3,77,460,582.2145,234.9805,291.641,345.5482,138.0173,132.563,11.9088,11.3597,422.5073,0.39617858,0.00606039,1,16
435,472.846,189.093,462.284,184.81,3,56,S52,3,78,461,589.9295,238.0414,291.641,462.2575,184.7307,132.884,11.8929,11.3503,548.2195,0.39246467,-0.00371391,1,15
436,207.261,83.641,196.623,79.649,3,57,S53,3,75,458,582.3989,234.5157,291.641,196.6092,79.5745,131.527,11.9484,11.4183,262.5279,0.40824674,0.02023982,1,14
437,505.035,200.938,494.515,196.547,3,58,S54,3,76,459,590.1139,237.5767,291.641,494.4877,196.4671,132.949,11.8901,11.3345,582.493,0.39011819,-0.01812855,1,13
438,388.27,154.33,377.802,149.833,3,59,S55,3,73,456,582.5833,234.051,291.641,377.7769,149.7542,132.679,11.904,11.3423,456.7782,0.39296289,-0.00847607,1,12
439,537.229,212.768,526.745,208.282,3,60,S56,3,74,457,590.2983,237.1119,291.641,526.7163,208.2026,133.001,11.8871,11.3381,616.7684,0.38800692,-0.00495597,1,11
440,420.573,165.887,410.03,161.568,3,61,S57,3,71,454,582.7677,233.5862,291.641,410.0043,161.4895,132.77,11.8996,11.3543,491.0474,0.38951396,-0.0073193,1,10
441,239.501,95.385,228.856,91.39,3,62,S58,3,72,455,590.4827,236.6472,291.641,228.8381,91.3143,131.873,11.9364,11.3779,296.7876,0.40143896,0.011925,1,9
442,452.756,177.741,442.257,173.302,3,63,S59,3,69,452,582.9521,233.1215,291.641,442.2302,173.2231,132.837,11.8949,11.3651,525.3226,0.38712481,-0.00654883,1,8
443,271.637,107.37,261.085,103.128,3,64,S60,3,70,453,590.6671,236.1824,291.641,261.0647,103.051,132.134,11.9276,11.369,331.0554,0.39683326,0.00970845,1,7
444,485.045,189.318,474.483,185.035,3,65,S61,3,67,450,583.1365,232.6567,291.641,474.4551,184.9561,132.91,11.8923,11.3768,559.5948,0.38449843,-0.00569017,1,6
445,303.693,119.552,293.312,114.862,3,66,S62,3,68,451,590.8515,235.7177,291.641,293.2894,114.7849,132.313,11.9183,11.3822,365.3304,0.39367364,0.00917521,1,5
446,517.284,201.022,506.707,196.768,3,67,S63,3,65,448,583.3209,232.1919,291.641,506.6791,196.688,132.969,11.8889,11.3893,593.8713,0.38240503,-0.01873544,1,4
447,335.875,131.411,325.537,126.595,3,68,S64,3,66,449,591.0359,235.2529,291.641,325.513,126.5175,132.478,11.9119,11.3965,399.602,0.3901886,0.00778357,1,3
448,549.56,212.625,538.931,208.499,3,73,S65,3,63,446,583.8741,230.7977,291.641,538.9023,208.4196,133.018,11.8857,11.4014,628.147,0.38036893,-0.00545882,0,68
449,155.312,59.581,144.353,56.454,3,74,S66,3,64,447,591.589,233.8586,291.641,144.3471,56.383,130.567,11.9733,11.4345,205.3015,0.40114047,0.02077154,0,67
450,187.889,70.45,176.58,68.181,3,75,S67,3,61,444,584.0585,230.3329,291.641,176.5673,68.1079,131.228,11.9573,11.4457,239.5518,0.38981025,0.00750892,0,66
451,368.281,142.693,357.761,138.327,3,76,S68,3,62,445,591.7734,233.3939,291.641,357.7356,138.249,132.609,11.9073,11.4092,433.8677,0.38582775,-0.0039825,0,65
452,432.816,165.942,422.206,161.788,3,77,S69,3,59,442,584.2429,229.8682,291.641,422.179,161.709,132.783,11.8968,11.4369,502.4153,0.38036152,-0.00335401,0,64
453,400.65,154.059,389.984,150.058,3,78,S70,3,60,443,591.9578,232.9291,291.641,389.9576,149.9791,132.702,11.9011,11.4242,468.1374,0.38230133,0.00193981,0,63
454,465.098,177.521,454.428,173.518,3,79,S71,3,57,440,584.4273,229.4034,291.641,454.3997,173.4382,132.865,11.9016,11.4513,536.6903,0.37806329,0.00148728,0,62
455,220.214,81.926,208.804,79.908,3,80,S72,3,58,441,592.1422,232.4644,291.641,208.787,79.8333,131.661,11.9439,11.4599,273.8179,0.38371553,0.00565224,0,61
456,252.567,93.32,241.026,91.634,3,81,S73,3,55,438,584.6117,228.9386,291.641,241.0062,91.5587,131.964,11.9317,11.474,308.0876,0.3786958,0.00413295,0,60
457,497.27,189.385,486.649,185.247,3,82,S74,3,56,439,592.3266,231.9996,291.641,486.6205,185.1675,132.928,11.9182,11.4629,570.9702,0.37657601,-0.00211979,0,59
458,558.772,211.678,551.09,208.704,3,83,S75,3,53,436,584.7961,228.4739,291.641,551.0603,208.6245,133.032,11.9463,11.4829,636.3635,0.37361269,-0.00440202,0,58
459,529.591,200.856,518.87,196.976,3,84,S76,3,54,437,592.511,231.5348,291.641,518.8405,196.8959,132.987,11.9334,11.4735,605.246,0.37456285,0.00095016,0,57
460,316.534,118.014,305.468,115.087,3,85,S77,3,51,434,584.9805,228.0091,291.641,305.4442,115.01,132.376,11.9146,11.5015,376.6527,0.37682457,0.00179822,0,56
461,284.507,105.778,273.247,103.361,3,86,S78,3,52,435,592.6954,231.0701,291.641,273.2253,103.284,132.197,11.9228,11.4869,342.3705,0.37801471,0.00119014,0,55
462,380.792,141.959,369.908,138.54,3,87,S79,3,49,432,585.1649,227.5444,291.641,369.8815,138.4616,132.635,11.951,11.5241,445.2154,0.37372487,0.00124745,0,54
463,348.681,129.941,337.688,126.814,3,88,S80,3,50,433,592.8798,230.6053,291.641,337.6629,126.7359,132.523,11.9318,11.5135,410.9336,0.37502635,0.00130148,0,53
464,445.075,165.836,434.347,161.993,3,89,S81,3,47,430,585.3492,227.0796,291.641,434.3186,161.9136,132.82,11.9823,11.5405,513.7798,0.3713115,0.00108308,0,52
465,412.926,153.918,402.127,150.266,3,90,S82,3,48,431,593.0642,230.1406,291.641,402.1,150.1879,132.732,11.9682,11.5326,479.4977,0.37247742,0.00116592,0,51
466,509.407,189.584,498.785,185.445,3,91,S83,3,45,428,585.5336,226.6149,291.641,498.7553,185.3661,132.95,12.0052,11.552,582.3457,0.36922947,0.0009207,0,50
467,477.237,177.722,466.566,173.719,3,92,S84,3,46,429,593.2486,229.6758,291.641,466.5371,173.6401,132.89,11.9948,11.5467,548.0631,0.37022842,0.00099895,0,49
468,263.14,97.585,253.137,91.851,3,93,S85,3,43,426,585.718,226.1501,291.641,253.1154,91.7747,132.05,12.0103,11.6381,319.4883,0.37886445,0.00552767,0,48
469,541.584,201.427,531.003,197.172,3,94,S86,3,44,427,593.433,229.2111,291.641,530.9736,197.0923,133.0,12.0141,11.5561,616.6285,0.36830877,-0.01055568,0,47
470,328.144,119.538,317.577,115.291,3,95,S87,3,41,424,585.9024,225.6854,291.641,317.5523,115.2142,132.434,12.0428,11.6373,388.0194,0.36946648,0.00229425,0,46
471,295.689,108.438,285.357,103.57,3,96,S88,3,42,425,593.6174,228.7463,291.641,285.3339,103.4937,132.261,12.0281,11.6383,353.7487,0.37333678,0.0038703,0,45
472,392.762,142.517,382.016,138.736,3,97,S89,3,39,422,586.0868,225.2206,291.641,381.9891,138.6582,132.671,12.0629,11.6367,456.5791,0.3652912,0.0019316,0,44
473,360.459,131.013,349.797,127.013,3,98,S90,3,40,423,593.8018,228.2816,291.641,349.7707,126.9359,132.56,12.0536,11.6377,422.2987,0.36717223,0.00188103,0,43
474,457.254,165.835,446.454,162.183,3,99,S91,3,37,420,586.2712,224.7558,291.641,446.4257,162.1048,132.835,12.0772,11.6363,525.1471,0.36289483,0.00076407,0,42
475,425.119,153.877,414.235,150.459,3,100,S92,3,38,421,593.9862,227.8168,291.641,414.2072,150.3811,132.76,12.0705,11.6369,490.8601,0.3633596,0.00046477,0,41
476,521.618,189.496,510.892,185.632,3,101,S93,3,35,418,586.4556,224.2911,291.641,510.862,185.5531,132.971,12.0874,11.6361,593.7189,0.36166861,0.00066607,0,40
477,489.458,177.606,478.673,173.908,3,102,S94,3,36,419,594.1706,227.352,291.641,478.6436,173.8288,132.911,12.0826,11.6361,559.4324,0.36213076,0.00046215,0,39
478,230.912,85.86,220.916,80.133,3,103,S95,3,33,416,586.64,223.8263,291.641,220.8966,80.0583,131.772,11.9871,11.6382,285.2109,0.38246357,-0.00458834,0,38
479,553.833,201.236,543.111,197.357,3,104,S96,3,34,417,594.355,226.8873,291.641,543.08,197.2778,133.017,12.0919,11.6357,628.004,0.36100254,-0.02146103,0,37
480,166.444,62.412,156.469,56.71,3,107,S97,3,31,414,587.0088,222.8968,291.641,156.4584,56.6379,130.813,11.9622,11.6364,216.6622,0.39310746,-0.00835518,0,34
481,198.68,74.135,188.693,68.419,3,108,S98,3,32,415,594.7238,225.9578,291.641,188.6776,68.3451,131.381,11.9527,11.6381,250.9346,0.38705191,-0.00605555,0,33
482,436.442,156.149,426.311,150.639,3,109,S99,3,29,412,587.1932,222.4321,291.641,426.2817,150.5609,132.795,12.168,11.7351,502.2549,0.35957521,0.00154481,0,32
483,134.199,50.69,124.241,45.011,3,110,S100,3,30,413,594.9082,225.493,291.641,124.238,44.9423,129.909,11.979,11.644,182.3929,0.40146264,0.04188743,0,31
484,501.174,178.792,490.752,174.085,3,111,S101,3,27,410,587.3776,221.9673,291.641,490.7221,174.0057,132.933,12.1668,11.7231,570.8168,0.35680237,0.00099216,0,30
485,468.82,167.435,458.532,162.362,3,112,S102,3,28,411,595.0925,225.0283,291.641,458.5021,162.2831,132.869,12.1673,11.729,536.5341,0.3580304,0.00122803,0,29
486,563.021,200.75,555.193,197.532,3,113,S103,3,25,408,587.562,221.5025,291.641,555.1616,197.4525,133.034,12.1659,11.7129,636.4389,0.35518893,-0.00510401,0,28
487,533.508,190.204,522.973,185.808,3,114,S104,3,26,409,595.2769,224.5635,291.641,522.9418,185.7294,132.98,12.1663,11.7174,605.1006,0.35581021,0.00062128,0,27
488,372.016,132.643,361.867,127.197,3,115,S105,3,23,406,587.7464,221.0378,291.641,361.84,127.1193,132.6,12.1686,11.7525,433.6785,0.3611139,-0.00093908,0,26
489,404.228,144.398,394.089,138.917,3,116,S106,3,24,407,595.4613,224.0987,291.641,394.0613,138.8397,132.7,12.1677,11.7432,467.9663,0.36029294,-0.00082096,0,25
490,307.599,109.104,297.421,103.759,3,117,S107,3,21,404,587.9308,220.573,291.641,297.3957,103.6827,132.324,12.1686,11.7787,365.1002,0.36313736,-0.00125013,0,24
491,339.806,120.879,329.645,115.477,3,118,S108,3,22,405,595.6457,223.634,291.641,329.6184,115.4001,132.479,12.1687,11.7647,399.3897,0.36205298,-0.00108438,0,23
492,243.203,85.486,232.968,80.33,3,119,S109,3,19,402,588.1152,220.1083,291.641,232.9471,80.2552,131.872,12.167,11.8164,296.5154,0.36582263,-0.00158299,0,22
493,275.397,97.31,265.195,92.043,3,120,S110,3,20,403,595.8301,223.1692,291.641,265.1722,91.9671,132.126,12.1686,11.7951,330.8091,0.36438749,-0.00143514,0,21
494,178.89,61.597,168.502,56.922,3,121,S111,3,17,400,588.2996,219.6435,291.641,168.4884,56.8501,131.03,12.1585,11.8789,227.9135,0.36888359,-0.00938576,0,20
495,211.027,73.605,200.738,68.622,3,122,S112,3,18,401,596.0145,222.7045,291.641,200.7195,68.5485,131.53,12.1645,11.8421,262.2188,0.36740562,-0.00147797,0,19
496,545.706,189.979,535.028,185.974,3,123,S113,3,15,398,588.484,219.1788,291.641,534.9965,185.8953,132.994,12.2409,11.7929,616.4724,0.3485753,0.00027788,0,18
497,146.274,50.937,136.258,45.237,3,124,S114,3,16,399,596.1989,222.2397,291.641,136.2509,45.167,130.267,12.1445,11.9298,193.6564,0.37826935,0.02969405,0,17
498,481.363,166.225,470.581,162.528,3,125,S115,3,13,396,588.6684,218.714,291.641,470.5501,162.4503,132.885,12.2513,11.8153,547.8857,0.34793922,0.00046942,0,16
499,513.531,178.114,502.805,174.251,3,126,S116,3,14,397,596.3833,221.775,291.641,502.7736,174.1724,132.942,12.2458,11.804,582.1798,0.34829742,0.0003582,0,15
500,417.06,142.344,406.13,139.085,3,127,S117,3,11,394,588.8528,218.2493,291.641,406.1005,139.0076,132.734,12.2663,11.8435,479.2937,0.34684353,0.00084915,0,14
501,449.205,154.305,438.356,150.807,3,128,S118,3,12,395,596.5677,221.3102,291.641,438.326,150.7284,132.823,12.2592,11.8285,513.5904,0.3474698,0.00062627,0,13
502,352.827,118.236,341.673,115.647,3,129,S119,3,9,392,589.0371,217.7845,291.641,341.646,115.5698,132.522,12.285,11.8821,410.6915,0.34480407,0.00172038,0,12
503,384.931,130.329,373.902,127.365,3,130,S120,3,10,393,596.7521,220.8455,291.641,373.874,127.288,132.639,12.2746,11.8614,444.9938,0.34599438,0.00119031,0,11
504,288.468,94.449,277.207,92.215,3,131,S121,3,7,390,589.2215,217.3197,291.641,277.1825,92.1395,132.196,12.3109,11.9369,342.0808,0.3429542,0.00292441,0,10
505,320.757,106.03,309.442,103.93,3,132,S122,3,8,391,596.9365,220.3807,291.641,309.4155,103.8532,132.369,12.2961,11.9073,376.3839,0.34308369,0.00012949,0,9
506,526.063,176.804,514.832,174.407,3,133,S123,3,5,388,589.4059,216.855,291.641,514.8001,174.329,132.972,12.322,11.881,593.5378,0.33901652,0.00124043,0,8
507,558.197,188.81,547.06,186.131,3,134,S124,3,6,389,597.1209,219.9159,291.641,547.0273,186.0523,133.018,12.3122,11.8665,627.8358,0.34002979,0.00101327,0,7
508,461.852,152.608,450.372,150.963,3,135,S125,3,3,386,589.5903,216.3902,291.641,450.3415,150.885,132.842,12.3443,11.9168,524.9369,0.33622604,0.00072901,0,6
509,493.946,164.743,482.603,162.685,3,136,S126,3,4,387,597.3053,219.4512,291.641,482.5717,162.6066,132.906,12.3324,11.8981,559.2382,0.33777609,0.00155005,0,5
510,566.664,191.384,559.069,186.279,3,137,S127,3,1,384,589.7747,215.9255,291.641,559.0359,186.2003,133.035,12.3806,11.9372,636.6766,0.33940585,0.0,0,4
511,429.591,140.954,418.14,139.241,3,138,S128,3,2,385,597.4897,218.9864,291.641,418.1098,139.1638,132.764,12.3583,11.9367,490.6375,0.33549703,-0.00390882,0,3
512,481.084,276.674,470.747,271.786,4,3,S1,4,127,638,550.5606,302.2344,297.231,470.731,271.7025,132.963,12.2923,11.848,594.4374,0.52367274,-3.3e-06,1,68
513,520.066,295.335,510.336,294.643,4,4,S2,4,128,639,557.9407,306.0323,297.231,510.3199,294.5593,133.041,12.2995,11.8492,637.5358,0.51844433,-0.00522841,1,67
514,441.789,253.301,431.157,248.929,4,5,S3,4,125,636,550.7894,301.7898,297.231,431.1417,248.8462,132.89,12.2865,11.8471,548.7207,0.52259618,0.00068808,1,66
515,461.288,265.245,450.952,260.357,4,6,S4,4,126,637,558.1695,305.5877,297.231,450.9364,260.2742,132.931,12.2901,11.8476,571.5791,0.52367604,0.00107986,1,65
516,512.034,291.633,503.388,283.76,4,7,S5,4,123,634,551.0182,301.3452,297.231,503.3701,283.6772,133.023,12.1879,11.7336,628.7253,0.51966039,-0.00403849,1,64
517,422.162,241.578,411.362,237.5,4,8,S6,4,124,635,558.3983,305.1431,297.231,411.3474,237.4175,132.842,12.2816,11.8476,525.8622,0.5219081,0.00224771,1,63
518,492.544,279.661,483.591,272.332,4,9,S7,4,121,632,551.2469,300.9006,297.231,483.5741,272.2493,132.986,12.1798,11.7292,605.8635,0.51848339,-0.00378882,1,62
519,362.305,208.099,351.977,203.214,4,10,S8,4,122,633,558.627,304.6985,297.231,351.9643,203.1326,132.673,12.2668,11.8456,457.2843,0.52369888,0.00521549,1,61
520,472.855,268.041,463.794,260.904,4,11,S9,4,119,630,551.4757,300.456,297.231,463.7775,260.8215,132.952,12.1727,11.723,583.0038,0.51790765,-0.00057878,1,60
521,323.007,184.727,312.388,180.357,4,12,S10,4,120,631,558.8558,304.2539,297.231,312.3758,180.2762,132.52,12.2534,11.8448,411.5656,0.52227221,0.00436456,1,59
522,283.411,161.869,272.798,157.5,4,13,S11,4,117,628,551.7045,300.0114,297.231,272.7878,157.4203,132.326,12.2355,11.8424,365.8455,0.52211296,0.00427606,1,58
523,452.835,257.007,443.997,249.477,4,14,S12,4,118,629,559.0846,303.8093,297.231,443.9808,249.3942,132.904,12.1628,11.7172,560.1469,0.51848643,-0.00362653,1,57
524,263.966,149.824,253.003,146.071,4,15,S13,4,115,626,551.9333,299.5669,297.231,252.9942,145.992,132.196,12.2243,11.8416,342.985,0.51994743,0.00288217,1,56
525,433.152,245.375,424.2,238.049,4,16,S14,4,116,627,559.3134,303.3648,297.231,424.1838,237.9667,132.864,12.1538,11.7105,537.2865,0.5178369,-0.00211053,1,55
526,393.687,222.285,384.605,215.194,4,17,S15,4,113,624,552.1621,299.1223,297.231,384.5895,215.1119,132.757,12.1301,11.6963,491.5663,0.51676386,-0.00076783,1,54
527,413.485,233.714,404.402,226.621,4,18,S16,4,114,625,559.5422,302.9202,297.231,404.3868,226.5392,132.82,12.1431,11.7043,514.4259,0.51706526,0.0003014,1,53
528,374.279,210.158,364.807,203.766,4,19,S17,4,111,622,552.3909,298.6777,297.231,364.7919,203.6852,132.706,12.1176,11.6878,468.702,0.51472718,0.00809867,1,52
529,224.644,126.485,213.413,123.214,4,20,S18,4,112,623,559.771,302.4756,297.231,213.4071,123.1366,131.871,12.1953,11.8395,297.2648,0.51753169,0.00280451,1,51
530,354.24,199.159,345.008,192.339,4,21,S19,4,109,620,552.6197,298.2331,297.231,344.9941,192.2579,132.637,12.1023,11.6781,445.8448,0.5153806,0.00947349,1,50
531,523.497,288.624,516.183,284.276,4,22,S20,4,110,621,559.9998,302.031,297.231,516.1648,284.1931,133.037,12.0821,11.6225,637.2349,0.50662851,-0.00875209,1,49
532,334.615,187.418,325.209,180.912,4,23,S21,4,107,618,552.8485,297.7885,297.231,325.1958,180.8313,132.563,12.0867,11.6674,422.9826,0.51409589,0.00886387,1,48
533,506.256,278.547,496.382,272.848,4,24,S22,4,108,619,560.2286,301.5864,297.231,496.3645,272.7647,133.004,12.0709,11.6119,617.2701,0.50590711,-0.00818878,1,47
534,185.5,102.828,173.824,100.357,4,25,S23,4,105,616,553.0773,297.3439,297.231,173.8214,100.2819,131.388,12.1523,11.8348,251.5458,0.51278907,0.00828682,1,46
535,486.454,267.118,476.582,261.419,4,26,S24,4,106,617,560.4574,301.1418,297.231,476.5642,261.3363,132.972,12.0588,11.6025,594.4102,0.50523202,-0.00755705,1,45
536,315.021,175.619,305.41,169.485,4,27,S25,4,103,614,553.3061,296.8994,297.231,305.3971,169.4047,132.48,12.0679,11.6549,400.1198,0.51250005,0.00922969,1,44
537,466.651,255.688,456.78,249.991,4,28,S26,4,104,615,560.6862,300.6973,297.231,456.7627,249.9082,132.932,12.0445,11.5922,571.5493,0.50450225,-0.0079978,1,43
538,295.218,164.191,285.61,158.059,4,29,S27,4,101,612,553.5348,296.4548,297.231,285.5979,157.9788,132.379,12.0468,11.6416,377.2573,0.51183951,0.00898384,1,42
539,446.965,244.046,436.978,238.562,4,30,S28,4,102,613,560.9149,300.2527,297.231,436.9609,238.4796,132.883,12.0297,11.5792,548.6888,0.50327036,-0.00856915,1,41
540,275.121,153.296,265.809,146.633,4,31,S29,4,99,610,553.7636,296.0102,297.231,265.7979,146.5533,132.259,12.0208,11.6251,354.3998,0.51281127,0.01035815,1,40
541,427.045,232.83,417.175,227.134,4,32,S30,4,100,611,561.1437,299.8081,297.231,417.1586,227.0515,132.843,12.0136,11.5668,525.8294,0.50285567,-0.0099556,1,39
542,255.183,142.112,246.007,135.207,4,33,S31,4,97,608,553.9924,295.5656,297.231,245.9971,135.1281,132.124,11.9917,11.6069,331.5393,0.51292218,0.01202085,1,38
543,407.113,221.636,397.372,215.705,4,34,S32,4,98,609,561.3725,299.3635,297.231,397.3555,215.6236,132.8,11.9948,11.552,502.9701,0.50245312,-0.01046906,1,37
544,235.379,130.684,226.204,123.782,4,37,S33,4,95,606,554.45,294.6764,297.231,226.1952,123.7039,131.968,11.9581,11.5852,308.6759,0.51214774,0.01631032,1,34
545,387.435,209.973,377.567,204.277,4,38,S34,4,96,607,561.8301,298.4743,297.231,377.5512,204.1957,132.737,11.9742,11.5355,480.1081,0.50090133,-0.01124641,1,33
546,367.785,198.253,357.762,192.849,4,39,S35,4,93,604,554.6788,294.2318,297.231,357.7461,192.7676,132.667,11.9522,11.5177,457.2448,0.4990556,0.00396029,1,32
547,519.276,278.523,509.124,273.334,4,40,S36,4,94,605,562.0589,298.0298,297.231,509.1055,273.251,133.025,11.9647,11.5003,628.6794,0.49583742,-0.00321818,1,31
548,347.663,187.403,337.955,181.421,4,41,S37,4,91,602,554.9076,293.7873,297.231,337.94,181.34,132.599,11.9267,11.4972,434.3842,0.4992942,0.00536297,1,30
549,499.382,267.251,489.317,261.904,4,42,S38,4,92,603,562.2877,297.5852,297.231,489.2988,261.821,132.993,11.9481,11.4855,605.8185,0.49509531,-0.00419889,1,29
550,215.098,120.128,206.4,112.357,4,43,S39,4,89,600,555.1364,293.3427,297.231,206.3922,112.2805,131.772,11.9367,11.559,285.825,0.51472664,0.02162632,1,28
551,479.588,255.792,469.509,250.473,4,44,S40,4,90,601,562.5165,297.1406,297.231,469.4907,250.391,132.951,11.9298,11.4695,582.9573,0.49393123,-0.02079541,1,27
552,327.854,175.974,318.147,169.993,4,45,S41,4,87,598,555.3652,292.8981,297.231,318.1322,169.9123,132.521,11.9094,11.4748,411.5216,0.49795991,-0.0140068,1,26
553,459.68,244.544,449.7,239.043,4,46,S42,4,88,599,562.7453,296.696,297.231,449.6822,238.9607,132.906,11.9087,11.4525,560.0964,0.49310032,-0.00485959,1,25
554,439.983,232.898,429.89,227.612,4,47,S43,4,85,596,555.5939,292.4535,297.231,429.8721,227.5304,132.869,11.8937,11.4337,537.234,0.4913602,-0.00522487,1,24
555,195.546,108.236,186.593,100.934,4,48,S44,4,86,597,562.974,296.2514,297.231,186.5871,100.8585,131.525,11.9459,11.5336,262.953,0.51196671,0.02060651,1,23
556,175.298,97.621,166.783,89.513,4,49,S45,4,83,594,555.8227,292.0089,297.231,166.7797,89.4384,131.22,11.9558,11.5051,240.1019,0.51473793,0.02531153,1,22
557,308.022,164.584,298.336,158.565,4,50,S46,4,84,595,563.2028,295.8068,297.231,298.3225,158.485,132.432,11.9139,11.4525,388.6581,0.49658507,-0.01815286,1,21
558,529.026,277.812,521.819,273.793,4,51,S47,4,81,592,556.0515,291.5643,297.231,521.7991,273.7103,133.034,11.885,11.3924,636.9387,0.48757261,-0.00515463,1,20
559,420.293,221.233,410.078,216.182,4,52,S48,4,82,593,563.4316,295.3622,297.231,410.0603,216.0998,132.816,11.8952,11.4149,514.3706,0.4894264,0.00185379,1,19
560,400.374,209.997,390.264,204.751,4,53,S49,4,79,590,556.2803,291.1198,297.231,390.247,204.669,132.763,11.8984,11.3952,491.5081,0.48830209,0.00232211,1,18
561,288.584,152.446,278.524,147.137,4,54,S50,4,80,591,563.6604,294.9177,297.231,278.5107,147.0578,132.322,11.9183,11.4288,365.7878,0.49272724,0.00442515,1,17
562,380.32,199.016,370.449,193.32,4,55,S51,4,77,588,556.5091,290.6752,297.231,370.4316,193.2386,132.7,11.9016,11.3786,468.6464,0.48768374,0.00281646,1,16
563,512.07,267.708,502.004,262.36,4,56,S52,4,78,589,563.8892,294.4731,297.231,501.9848,262.2779,133.0,11.8869,11.3767,617.2257,0.48597998,-0.00170376,1,15
564,268.565,141.397,258.709,135.71,4,57,S53,4,75,586,556.7379,290.2306,297.231,258.6967,135.6311,132.199,11.924,11.4086,342.9237,0.49195424,-0.01764987,1,14
565,492.164,256.445,482.188,250.927,4,58,S54,4,76,587,564.118,294.0285,297.231,482.1687,250.8449,132.962,11.8884,11.3627,594.3642,0.48486728,-0.00708696,1,13
566,472.448,244.812,462.37,239.494,4,59,S55,4,73,584,556.9667,289.786,297.231,462.351,239.4116,132.929,11.8912,11.3483,571.4998,0.4829378,-0.0022632,1,12
567,155.924,85.382,146.969,78.094,4,60,S56,4,74,585,564.3468,293.5839,297.231,146.9687,78.0211,130.815,11.9667,11.4787,217.2158,0.50960411,0.02666631,1,11
568,248.979,129.519,238.89,124.283,4,61,S57,4,71,582,557.1955,289.3414,297.231,238.8788,124.2051,132.047,11.9296,11.3875,320.0521,0.48814869,0.00689191,1,10
569,360.637,187.323,350.63,181.888,4,62,S58,4,72,583,564.5756,293.1393,297.231,350.6137,181.8076,132.641,11.9056,11.3615,445.7803,0.485201,-0.00294769,1,9
570,136.963,72.334,127.148,66.679,4,63,S59,4,69,580,557.4243,288.8968,297.231,127.1522,66.6083,130.269,11.9783,11.4529,194.3106,0.49858898,0.01768511,1,8
571,452.628,233.378,442.55,228.06,4,64,S60,4,70,581,564.8044,292.6947,297.231,442.5308,227.9782,132.887,11.8931,11.3366,548.6375,0.48125678,-0.0173322,1,7
572,432.941,221.676,422.727,216.625,4,65,S61,4,67,578,557.6531,288.4522,297.231,422.7087,216.5437,132.835,11.8949,11.347,525.7714,0.47886062,-0.00456628,1,6
573,341.25,175.047,330.809,170.457,4,66,S62,4,68,579,565.0332,292.2502,297.231,330.7931,170.3765,132.559,11.9083,11.3466,422.9095,0.48090387,0.00204325,1,5
574,524.795,267.979,514.645,262.792,4,67,S63,4,65,576,557.8818,288.0077,297.231,514.6246,262.7091,133.022,11.8865,11.3511,628.6299,0.4769063,-0.00222573,1,4
575,229.431,117.55,219.067,112.857,4,68,S64,4,66,577,565.2619,291.8056,297.231,219.057,112.7797,131.875,11.9373,11.3665,297.1773,0.4834269,0.0065206,1,3
576,413.145,210.178,402.902,205.19,4,73,S65,4,63,574,558.5682,286.6739,297.231,402.8835,205.1091,132.795,11.8977,11.3675,502.9053,0.47670645,0.00162171,0,68
577,321.305,163.841,310.985,159.025,4,74,S66,4,64,575,565.9483,290.4718,297.231,310.9691,158.9452,132.47,11.9122,11.3649,400.0437,0.47913203,0.00242558,0,67
578,301.194,152.954,291.156,147.593,4,75,S67,4,61,572,558.797,286.2293,297.231,291.1408,147.5139,132.373,11.9165,11.3928,377.1784,0.47809878,0.00249395,0,66
579,504.988,256.503,494.819,251.355,4,76,S68,4,62,573,566.1771,290.0272,297.231,494.7985,251.2725,132.99,11.888,11.3694,605.7661,0.47508474,-0.00301404,0,65
580,485.158,245.065,474.99,239.917,4,77,S69,4,59,570,559.0258,285.7847,297.231,474.9701,239.835,132.955,11.8898,11.3918,582.9013,0.4731963,-0.00875237,0,64
581,393.073,199.217,383.073,193.755,4,78,S70,4,60,571,566.4059,289.5826,297.231,383.0551,193.6743,132.733,11.9003,11.3914,480.0419,0.47560483,0.00240853,0,63
582,281.19,141.852,271.322,136.161,4,79,S71,4,57,568,559.2546,285.3402,297.231,271.3081,136.0823,132.263,11.9216,11.4289,354.3101,0.47625445,0.00419245,0,62
583,209.369,106.56,199.238,101.432,4,80,S72,4,58,569,566.6347,289.1381,297.231,199.2298,101.3555,131.656,11.9448,11.4019,274.3062,0.48194867,0.00569422,0,61
584,465.433,233.412,455.159,228.479,4,81,S73,4,55,566,559.4834,284.8956,297.231,455.1383,228.397,132.906,11.8912,11.4177,560.0348,0.4707265,-0.00682682,0,60
585,373.48,187.304,363.241,182.319,4,82,S74,4,56,567,566.8635,288.6935,297.231,363.2228,182.2385,132.669,11.9029,11.4208,457.1716,0.472062,0.0013355,0,59
586,445.31,222.543,435.323,217.04,4,83,S75,4,53,564,559.7122,284.451,297.231,435.3034,216.9582,132.866,11.8991,11.4492,537.1713,0.46968323,0.00117732,0,58
587,189.606,94.975,179.401,90.008,4,84,S76,4,54,565,567.0923,288.2489,297.231,179.3944,89.9328,131.385,11.9517,11.4511,251.427,0.47755332,0.00787009,0,57
588,353.415,176.317,343.404,170.882,4,85,S77,4,51,562,559.9409,284.0064,297.231,343.3865,170.8021,132.603,11.9064,11.4572,434.3055,0.47053923,-0.00120534,0,56
589,534.555,267.0,527.242,263.199,4,86,S78,4,52,563,567.321,287.8043,297.231,527.2203,263.1166,133.028,11.9082,11.4428,636.8739,0.46850591,-0.00203332,0,55
590,517.475,257.106,507.405,251.757,4,87,S79,4,49,560,560.1697,283.5618,297.231,507.3833,251.6753,133.001,11.933,11.4708,617.1677,0.46669874,-0.00057026,0,54
591,261.541,130.034,251.482,124.729,4,88,S80,4,50,561,567.5498,287.3597,297.231,251.4687,124.6507,132.122,11.9257,11.4757,331.4331,0.47174457,0.00504583,0,53
592,169.397,84.256,159.554,78.586,4,89,S81,4,47,558,560.3985,283.1172,297.231,159.5497,78.5123,131.035,11.961,11.5166,228.5525,0.47654011,0.00899829,0,52
593,425.479,211.085,415.484,205.6,4,90,S82,4,48,559,567.7786,286.9151,297.231,415.4646,205.5186,132.819,11.9274,11.4832,514.3033,0.467269,-0.00927111,0,51
594,497.732,245.464,487.564,240.315,4,91,S83,4,45,556,560.6273,282.6726,297.231,487.5426,240.2333,132.967,11.9587,11.5013,594.2998,0.46415152,-0.00356399,0,50
595,333.587,164.848,323.562,159.445,4,92,S84,4,46,557,568.0074,286.4706,297.231,323.5446,159.3648,132.519,11.9193,11.5018,411.4345,0.46754182,0.0033903,0,49
596,405.882,199.144,395.641,194.159,4,93,S85,4,43,554,560.8561,282.2281,297.231,395.621,194.0778,132.765,11.9587,11.5204,491.4316,0.46353809,-0.00063279,0,48
597,241.725,118.529,231.634,113.296,4,94,S86,4,44,555,568.2362,286.026,297.231,231.6214,113.2187,131.964,11.93,11.534,308.5556,0.46771551,0.00417742,0,47
598,477.992,233.804,467.719,228.872,4,95,S87,4,41,552,561.0849,281.7835,297.231,467.6979,228.7903,132.928,11.9866,11.5341,571.4307,0.4613699,-0.01011826,0,46
599,313.757,153.369,303.713,148.006,4,96,S88,4,42,553,568.465,285.5814,297.231,303.6962,147.927,132.425,11.9589,11.5511,388.5614,0.46417088,0.00280098,0,45
600,386.171,187.414,375.791,182.717,4,97,S89,4,39,550,561.3137,281.3389,297.231,375.772,182.6364,132.7,11.9931,11.5628,468.559,0.45995452,-0.00298494,0,44
601,149.532,72.832,139.691,67.168,4,98,S90,4,40,551,568.6938,285.1368,297.231,139.6894,67.0966,130.567,11.9689,11.6104,205.6631,0.47148816,0.01153364,0,43
602,458.174,222.294,447.87,217.427,4,99,S91,4,37,548,561.5425,280.8943,297.231,447.8485,217.3458,132.884,12.0167,11.5695,548.5628,0.45866452,0.00069056,0,42
603,221.912,106.993,211.775,101.863,4,100,S92,4,38,549,568.9226,284.6922,297.231,211.7641,101.7869,131.766,11.9567,11.6072,285.6728,0.46293946,0.00427494,0,41
604,294.224,141.258,283.856,136.567,4,101,S93,4,35,546,561.7713,280.4497,297.231,283.8403,136.488,132.322,12.0046,11.6079,365.6792,0.45846911,0.00121772,0,40
605,530.1,257.326,519.948,252.138,4,102,S94,4,36,547,569.1514,284.2476,297.231,519.9252,252.0558,133.027,12.034,11.5753,628.5655,0.45797396,-0.00049515,0,39
606,438.317,210.848,428.015,205.981,4,103,S95,4,33,544,562.0001,280.0051,297.231,427.994,205.9001,132.835,12.0498,11.6076,525.6925,0.45586576,0.00071836,0,38
607,366.21,176.181,355.936,171.273,4,104,S96,4,34,545,569.3802,283.803,297.231,355.917,171.1932,132.634,12.0314,11.6082,445.6877,0.45725139,0.00138563,0,37
608,202.112,95.398,191.903,90.431,4,107,S97,4,31,542,562.4576,279.116,297.231,191.8934,90.3556,131.527,12.0208,11.6953,262.7832,0.45710851,0.00342081,0,34
609,510.342,245.678,500.093,240.69,4,108,S98,4,32,543,569.8377,282.9139,297.231,500.0709,240.6084,132.987,12.0628,11.6086,605.696,0.4551474,-0.00196111,0,33
610,418.367,199.582,408.154,194.534,4,109,S99,4,29,540,562.6864,278.6714,297.231,408.1335,194.453,132.792,12.0859,11.6508,502.8218,0.45321524,0.00083853,0,32
611,274.428,129.66,263.99,125.126,4,110,S100,4,30,541,570.0665,282.4693,297.231,263.9748,125.0482,132.204,12.0572,11.6734,342.7984,0.4536877,0.00047246,0,31
612,346.501,164.41,336.073,159.828,4,111,S101,4,27,538,562.9152,278.2268,297.231,336.0544,159.7486,132.565,12.0754,11.6589,422.8108,0.45285092,-0.02240138,0,30
613,490.508,234.173,480.234,229.241,4,112,S102,4,28,539,570.2953,282.0247,297.231,480.2117,229.1595,132.947,12.0941,11.6444,582.8259,0.45237671,-0.00047421,0,29
614,398.425,188.286,388.286,183.085,4,113,S103,4,25,536,563.144,277.7822,297.231,388.2657,183.0042,132.738,12.1264,11.6971,479.9491,0.45024862,0.00041692,0,28
615,128.86,63.065,119.804,55.757,4,114,S104,4,26,537,570.5241,281.5801,297.231,119.8071,55.688,129.907,11.9745,11.7372,182.8116,0.4752523,0.02500368,0,27
616,540.084,256.188,532.45,252.497,4,115,S105,4,23,534,563.3728,277.3376,297.231,532.4268,252.4152,133.034,12.1292,11.6734,637.0407,0.44944227,0.00027876,0,26
617,470.56,222.894,460.369,217.79,4,116,S106,4,24,535,570.7529,281.1355,297.231,460.3467,217.7091,132.907,12.1281,11.6833,559.9562,0.4498317,0.00038943,0,25
618,254.945,117.361,244.112,113.684,4,117,S107,4,21,532,563.6016,276.8931,297.231,244.0974,113.6066,132.046,12.1163,11.7475,319.9058,0.44582366,-0.00070751,0,24
619,326.572,153.073,316.201,148.382,4,118,S108,4,22,533,570.9817,280.691,297.231,316.1831,148.3025,132.48,12.1237,11.7174,399.933,0.44916351,0.00333985,0,23
620,522.831,246.032,512.581,241.043,4,119,S109,4,19,530,563.8304,276.4485,297.231,512.5581,240.9619,133.007,12.162,11.7105,617.0909,0.44676582,0.00069548,0,22
621,182.662,83.004,172.012,78.999,4,120,S110,4,20,531,571.2105,280.2464,297.231,172.0044,78.9249,131.224,12.0988,11.8017,239.8734,0.44653117,-0.00023465,0,21
622,379.01,175.85,368.41,171.634,4,121,S111,4,17,528,564.0592,276.0039,297.231,368.39,171.5535,132.674,12.1704,11.7491,457.0653,0.4442376,0.00397323,0,20
623,450.836,211.127,440.497,206.338,4,122,S112,4,18,529,571.4393,279.8018,297.231,440.4752,206.2563,132.868,12.1656,11.7266,537.0817,0.44607034,0.00183274,0,19
624,502.982,234.521,492.706,229.588,4,123,S113,4,15,526,564.2879,275.5593,297.231,492.683,229.5066,132.966,12.1955,11.7494,594.2195,0.44372754,0.00565494,0,18
625,307.394,140.104,296.319,136.933,4,124,S114,4,16,527,571.668,279.3572,297.231,296.301,136.8547,132.386,12.1772,11.782,377.0409,0.44026437,-0.00346317,0,17
626,431.397,198.723,420.618,194.883,4,125,S115,4,13,524,564.5167,275.1147,297.231,420.5957,194.8022,132.825,12.2061,11.7733,514.201,0.44061755,0.00366337,0,16
627,235.271,105.407,224.218,102.241,4,126,S116,4,14,525,571.8968,278.9126,297.231,224.2045,102.1643,131.873,12.1857,11.8356,297.0092,0.4380726,-0.00254495,0,15
628,287.614,128.365,276.423,125.483,4,127,S117,4,11,522,564.7455,274.6701,297.231,276.4057,125.4044,132.259,12.2385,11.8566,354.151,0.43408125,-0.00377557,0,14
629,359.694,163.154,348.524,160.18,4,128,S118,4,12,523,572.1256,278.468,297.231,348.5044,160.1005,132.602,12.2192,11.8063,434.1793,0.43695418,0.00287293,0,13
630,412.045,186.085,400.729,183.426,4,129,S119,4,9,520,564.9743,274.2255,297.231,400.7076,183.3456,132.763,12.2505,11.8248,491.3176,0.43415054,0.0008182,0,12
631,483.747,221.664,472.824,218.131,4,130,S120,4,10,521,572.3544,278.0235,297.231,472.8009,218.0495,132.924,12.233,11.7922,571.3375,0.43785682,0.00370628,0,11
632,536.015,244.778,525.03,241.377,4,131,S121,4,7,518,565.2031,273.781,297.231,525.0057,241.2954,133.019,12.255,11.8063,628.4762,0.4359027,0.00359964,0,10
633,339.59,152.12,328.627,148.724,4,132,S122,4,8,519,572.5832,277.5789,297.231,328.6075,148.6451,132.517,12.2731,11.8704,411.2975,0.43333234,-0.00257036,0,9
634,391.992,174.934,380.831,171.966,4,133,S123,4,5,516,565.4319,273.3364,297.231,380.8094,171.8864,132.706,12.2988,11.8807,468.4374,0.43056115,0.00127375,0,8
635,464.31,209.201,452.934,206.671,4,134,S124,4,6,517,572.812,277.1343,297.231,452.9108,206.5899,132.888,12.2739,11.8372,548.4583,0.43230306,0.00174191,0,7
636,516.841,231.731,505.138,229.915,4,135,S125,4,3,514,565.6607,272.8918,297.231,505.1138,229.8337,132.988,12.2925,11.8491,605.5978,0.42974156,0.00179537,0,6
637,444.199,198.176,433.034,195.208,4,136,S126,4,4,515,573.0408,276.6897,297.231,433.0117,195.1277,132.849,12.3183,11.8887,525.5807,0.4292874,-0.00045416,0,5
638,544.278,247.986,537.441,241.692,4,137,S127,4,1,512,565.8895,272.4472,297.231,537.4159,241.6109,133.036,12.3449,11.8994,637.3213,0.43499129,0.0,0,4
639,496.481,221.249,485.238,218.45,4,138,S128,4,2,513,573.2696,276.2451,297.231,485.2135,218.3691,132.95,12.333,11.8945,582.7228,0.42794619,-0.0070451,0,3
640,440.626,318.255,431.802,311.003,5,3,S1,5,127,766,518.8907,353.8545,302.763,431.7949,310.9189,132.95,12.3343,11.8928,582.9138,0.62030431,9.629e-05,1,68
641,487.356,346.663,478.032,344.591,5,4,S2,5,128,767,525.8703,358.3462,302.763,478.0239,344.5066,133.034,12.3453,11.8979,637.464,0.61395456,-0.00634975,1,67
642,394.592,284.389,385.572,277.415,5,5,S3,5,125,764,519.1613,353.4341,302.763,385.5659,277.3313,132.851,12.3198,11.8865,525.7707,0.61878645,0.00327769,1,66
643,459.27,331.502,451.681,322.505,5,6,S4,5,126,765,526.1409,357.9257,302.763,451.6731,322.4204,132.989,12.2943,11.8475,605.7847,0.62020802,0.00142157,1,65
644,413.11,297.811,405.449,288.917,5,7,S5,5,123,762,519.4319,353.0136,302.763,405.4419,288.833,132.889,12.2752,11.8366,548.6406,0.61913645,0.00151544,1,64
645,479.589,342.384,471.553,334.0,5,8,S6,5,124,763,526.4115,357.5053,302.763,471.5448,333.9159,133.023,12.2569,11.8055,628.6511,0.61550876,-0.00362769,1,63
646,433.431,308.688,425.319,300.412,5,9,S7,5,121,760,519.7025,352.5932,302.763,425.3107,300.3283,132.93,12.2346,11.79,571.5094,0.61400104,-0.00406868,1,62
647,348.359,250.797,339.343,243.826,5,10,S8,5,122,761,526.6821,357.0848,302.763,339.3373,243.7432,132.712,12.3006,11.8777,468.6255,0.61762101,0.00361997,1,61
648,302.125,217.205,293.113,210.237,5,11,S9,5,119,758,519.973,352.1727,302.763,293.1089,210.1559,132.524,12.2756,11.8676,411.4803,0.61613327,0.0040039,1,60
649,366.878,264.222,359.216,255.329,5,12,S10,5,120,759,526.9526,356.6644,302.763,359.2101,255.2458,132.763,12.252,11.8221,491.4977,0.61806972,0.00193645,1,59
650,454.108,319.027,445.182,311.902,5,13,S11,5,117,756,520.2436,351.7522,302.763,445.1734,311.8177,132.973,12.1975,11.7474,594.3766,0.60817588,-0.00782088,1,58
651,387.279,274.978,379.082,266.824,5,14,S12,5,118,757,527.2232,356.2439,302.763,379.0752,266.7409,132.82,12.2068,11.7712,514.3663,0.61212937,0.00395349,1,57
652,255.693,183.887,246.883,176.648,5,15,S13,5,115,754,520.5142,351.3318,302.763,246.881,176.5683,132.264,12.2399,11.8527,354.3325,0.61511966,0.0087753,1,56
653,320.827,230.375,312.982,221.741,5,16,S14,5,116,755,527.4938,355.8234,302.763,312.9774,221.659,132.605,12.2209,11.8043,434.3541,0.61599676,0.0008771,1,55
654,474.35,329.964,465.04,323.387,5,17,S15,5,113,752,520.7848,350.9113,302.763,465.0312,323.302,133.001,12.1623,11.7089,617.2436,0.60398013,-0.00577031,1,54
655,407.774,285.57,398.942,278.313,5,18,S16,5,114,753,527.7644,355.403,302.763,398.9342,278.2293,132.866,12.166,11.724,537.2352,0.60634436,0.00236423,1,53
656,274.594,196.783,266.747,188.153,5,19,S17,5,111,750,521.0554,350.4909,302.763,266.7438,188.0722,132.379,12.1782,11.7789,377.2109,0.61412626,0.00311734,1,52
657,341.137,241.253,332.844,233.236,5,20,S18,5,112,751,528.035,354.9825,302.763,332.8381,233.1534,132.673,12.172,11.7472,457.225,0.60975044,-0.00437582,1,51
658,491.68,339.984,484.894,334.867,5,21,S19,5,109,748,521.3259,350.0704,302.763,484.8841,334.782,133.028,12.13,11.6724,637.2001,0.60147726,-0.00017805,1,50
659,209.724,149.911,200.652,143.058,5,22,S20,5,110,749,528.3056,354.5621,302.763,200.6533,142.9805,131.877,12.1878,11.8315,297.1858,0.61100892,0.00953166,1,49
660,361.636,251.825,352.699,244.723,5,23,S21,5,107,746,521.5965,349.6499,302.763,352.6922,244.6405,132.74,12.1277,11.6958,480.0939,0.60335126,-0.00214218,1,48
661,428.057,296.44,418.796,289.796,5,24,S22,5,108,747,528.5761,354.1416,302.763,418.7875,289.7122,132.905,12.1289,11.6814,560.1031,0.60165531,-0.00169595,1,47
662,228.615,162.82,220.509,154.565,5,25,S23,5,105,744,521.8671,349.2295,302.763,220.5083,154.4864,132.047,12.1171,11.7436,320.0648,0.61018319,0.01171021,1,46
663,295.264,207.131,286.603,199.647,5,26,S24,5,106,745,528.8467,353.7212,302.763,286.5984,199.5664,132.473,12.1241,11.714,400.0819,0.60549344,-0.00468975,1,45
664,163.821,115.824,154.421,109.468,5,27,S25,5,103,742,522.1377,348.809,302.763,154.4273,109.3933,131.217,12.0993,11.7951,240.0378,0.60440431,0.00697952,1,44
665,447.955,307.851,438.645,301.274,5,28,S26,5,104,743,529.1173,353.3007,302.763,438.6365,301.1902,132.95,12.0951,11.6429,582.9687,0.59847298,-0.00593133,1,43
666,315.778,217.662,306.452,211.134,5,29,S27,5,101,740,522.4083,348.3886,302.763,306.4464,211.0518,132.555,12.076,11.6569,422.9536,0.59835998,0.00308539,1,42
667,382.152,262.342,372.548,256.205,5,30,S28,5,102,741,529.3879,352.8802,302.763,372.5406,256.1216,132.787,12.0876,11.6483,502.9638,0.59742479,-0.00093519,1,41
668,249.179,173.303,240.358,166.059,5,31,S29,5,99,738,522.6789,347.9681,302.763,240.3549,165.9796,132.2,12.0581,11.669,342.9397,0.60087453,0.00671465,1,40
669,467.935,319.13,458.49,312.748,5,32,S30,5,100,739,529.6585,352.4598,302.763,458.4807,312.6643,132.987,12.0633,11.6073,605.8336,0.59527459,-0.00559994,1,39
670,335.55,229.252,326.295,222.613,5,33,S31,5,97,736,522.9494,347.5477,302.763,326.2882,222.5308,132.643,12.0336,11.6062,445.8217,0.59485863,0.00252677,1,38
671,402.02,273.783,392.392,267.681,5,34,S32,5,98,737,529.929,352.0393,302.763,392.3838,267.5979,132.844,12.0517,11.6065,525.8289,0.59415988,-0.00069875,1,37
672,182.774,128.643,174.267,120.978,5,37,S33,5,95,734,523.4906,346.7067,302.763,174.2698,120.9017,131.526,12.022,11.689,262.9179,0.60355817,0.01194116,1,34
673,487.901,330.417,478.331,324.219,5,38,S34,5,96,735,530.4702,351.1984,302.763,478.3213,324.1347,133.018,12.0351,11.5736,628.6971,0.59233186,-0.01122631,1,33
674,269.625,183.913,260.199,177.543,5,39,S35,5,93,732,523.7612,346.2863,302.763,260.1943,177.4633,132.319,12.0053,11.6049,365.8137,0.59319878,0.01055691,1,32
675,421.746,285.426,412.232,279.153,5,40,S36,5,94,733,530.7408,350.778,302.763,412.2231,279.0691,132.886,12.0183,11.568,548.6939,0.59161701,-0.00158177,1,31
676,355.867,240.02,346.133,234.087,5,41,S37,5,91,730,524.0318,345.8658,302.763,346.1252,234.004,132.701,11.9947,11.5601,468.6896,0.58959474,0.00110226,1,30
677,119.046,80.064,108.189,75.874,5,42,S38,5,92,731,531.0114,350.3575,302.763,108.2044,75.8071,129.902,11.975,11.7274,182.917,0.58264187,-0.00695287,1,29
678,203.614,138.685,194.104,132.471,5,43,S39,5,89,728,524.3024,345.4454,302.763,194.1044,132.3939,131.774,11.9581,11.6014,285.7977,0.5910998,0.00400019,1,28
679,441.717,296.693,432.068,290.621,5,44,S40,5,90,729,531.282,349.937,302.763,432.0584,290.5371,132.929,11.9877,11.5321,571.5571,0.58849248,-0.00260732,1,27
680,375.701,251.488,365.967,245.555,5,45,S41,5,87,726,524.5729,345.0249,302.763,365.9583,245.4727,132.762,11.9598,11.5189,491.5537,0.58655057,0.0009138,1,26
681,289.907,194.728,280.034,189.02,5,46,S42,5,88,727,531.5525,349.5166,302.763,280.0282,188.9392,132.432,11.9617,11.5478,388.6836,0.58709961,0.00054904,1,25
682,309.192,207.019,299.864,200.49,5,47,S43,5,85,724,524.8435,344.6044,302.763,299.8576,200.4088,132.525,11.9209,11.4983,411.5482,0.58600613,0.00132768,1,24
683,461.674,307.971,451.901,302.085,5,48,S44,5,86,725,531.8231,349.0961,302.763,451.8905,302.0012,132.963,11.9586,11.4997,594.4198,0.58563677,-0.00036936,1,23
684,481.397,319.594,471.731,313.547,5,49,S45,5,83,722,525.1141,344.184,302.763,471.7199,313.4622,133.004,11.9339,11.4703,617.2818,0.58366789,-0.00214726,1,22
685,395.275,263.34,385.797,257.02,5,50,S46,5,84,723,532.0937,348.6757,302.763,385.7876,256.9371,132.823,11.9297,11.4814,514.4169,0.58467845,0.00101056,1,21
686,137.84,93.083,128.015,87.392,5,51,S47,5,81,720,525.3847,343.7635,302.763,128.0242,87.3208,130.567,11.9693,11.6032,205.7744,0.58521733,0.00279821,1,20
687,223.512,150.075,213.934,143.953,5,52,S48,5,82,721,532.3643,348.2552,302.763,213.9324,143.8748,131.962,11.9304,11.5295,308.6712,0.58581515,0.00059782,1,19
688,415.136,274.753,405.624,268.481,5,53,S49,5,79,718,525.6553,343.3431,302.763,405.6136,268.3982,132.864,11.9007,11.4461,537.2799,0.58198949,0.00082947,1,18
689,498.279,329.79,491.558,325.005,5,54,S50,5,80,719,532.6349,347.8347,302.763,491.5465,324.9212,133.032,11.91,11.4425,636.9883,0.58241912,0.00042963,1,17
690,243.62,161.126,233.759,155.426,5,55,S51,5,77,716,525.9259,342.9226,302.763,233.7557,155.3466,132.124,11.9262,11.4718,331.5418,0.58005744,0.00043348,1,16
691,329.403,217.908,319.69,211.955,5,56,S52,5,78,717,532.9055,347.4143,302.763,319.6827,211.8738,132.605,11.9054,11.4549,434.4143,0.58116002,0.00110258,1,15
692,157.666,104.575,147.834,98.885,5,57,S53,5,75,714,526.1964,342.5022,302.763,147.8398,98.8111,131.028,11.9603,11.5108,228.6533,0.57921757,0.00090888,1,14
693,434.961,286.212,425.448,279.94,5,58,S54,5,76,715,533.176,346.9938,302.763,425.4372,279.8563,132.906,11.891,11.4156,560.1416,0.57962396,0.00040639,1,13
694,454.68,297.827,445.269,291.395,5,59,S55,5,73,712,526.467,342.0817,302.763,445.2584,291.3116,132.952,11.8896,11.3907,583.0025,0.5777674,0.0013068,1,12
695,349.227,229.369,339.513,223.416,5,60,S56,5,74,713,533.4466,346.5734,302.763,339.505,223.334,132.68,11.9029,11.4198,457.2776,0.57830869,0.00054129,1,11
696,368.903,241.049,359.333,234.874,5,61,S57,5,71,710,526.7376,341.6612,302.763,359.3243,234.7913,132.738,11.9008,11.3892,480.1394,0.57627933,0.00064409,1,10
697,263.443,172.591,253.58,166.891,5,62,S58,5,72,711,533.7172,346.1529,302.763,253.5749,166.8115,132.261,11.9203,11.4268,354.4083,0.5764606,0.00018127,1,9
698,282.653,184.989,273.398,178.352,5,63,S59,5,69,708,527.0082,341.2408,302.763,273.3913,178.2714,132.376,11.9171,11.3912,377.2716,0.57625874,0.00245737,1,8
699,474.535,309.23,465.089,302.849,5,64,S60,5,70,709,533.9878,345.7325,302.763,465.0774,302.7647,132.98,11.8876,11.3689,605.8639,0.57563524,-0.0006235,1,7
700,494.474,320.496,484.907,314.3,5,65,S61,5,67,706,527.2788,340.8203,302.763,484.8946,314.2159,133.016,11.8864,11.3512,628.7241,0.57340262,-0.00086869,1,6
701,388.751,252.461,379.151,246.328,5,66,S62,5,68,707,534.2584,345.312,302.763,379.1413,246.2453,132.789,11.8978,11.3648,503.0019,0.57380137,0.00039875,1,5
702,302.741,196.03,293.212,189.808,5,67,S63,5,65,704,527.5494,340.3999,302.763,293.205,189.7268,132.48,11.9126,11.3639,400.1352,0.57204064,0.0004845,1,4
703,177.488,116.053,167.65,110.362,5,68,S64,5,66,705,534.529,344.8915,302.763,167.6517,110.2871,131.385,11.9516,11.4463,251.5279,0.57427131,0.00223067,1,3
704,196.969,128.039,187.461,121.829,5,73,S65,5,63,702,528.3611,339.1385,302.763,187.4608,121.753,131.656,11.9439,11.3987,274.3955,0.57237906,0.00293023,0,68
705,408.59,263.878,398.967,257.78,5,74,S66,5,64,703,535.3407,343.6302,302.763,398.9561,257.6972,132.846,11.8959,11.3461,525.8623,0.57155614,-0.00082292,0,67
706,428.536,275.124,418.781,269.23,5,75,S67,5,61,700,528.6317,338.718,302.763,418.7692,269.1467,132.888,11.893,11.3372,548.7232,0.56913041,0.00081799,0,66
707,322.556,207.484,313.025,201.261,5,76,S68,5,62,701,535.6113,343.2097,302.763,313.0162,201.1795,132.56,11.9087,11.3475,422.9977,0.56944883,0.00031842,0,65
708,448.135,286.908,438.593,280.677,5,77,S69,5,59,698,528.9023,338.2976,302.763,438.5809,280.594,132.931,11.8904,11.3499,571.5835,0.56801874,0.00031121,0,64
709,216.844,139.407,207.27,133.289,5,78,S70,5,60,699,535.8819,342.7892,302.763,207.2679,133.2115,131.867,11.9365,11.3694,297.2624,0.56831242,0.00029368,0,63
710,236.43,151.22,227.077,144.743,5,79,S71,5,57,696,529.1728,337.8771,302.763,227.073,144.6646,132.05,11.9303,11.3897,320.1281,0.56648418,0.00086182,0,62
711,342.228,219.156,332.835,212.711,5,80,S72,5,58,697,536.1524,342.3688,302.763,332.8259,212.6284,132.638,11.9054,11.3639,445.8592,0.56770753,0.00122335,0,61
712,362.085,230.535,352.644,224.158,5,81,S73,5,55,694,529.4434,337.4567,302.763,352.6339,224.0761,132.709,11.9023,11.3807,468.7211,0.56539682,0.00069145,0,60
713,468.17,298.004,458.403,292.124,5,82,S74,5,56,695,536.423,341.9483,302.763,458.3912,292.0399,132.965,11.8881,11.3642,594.4433,0.56562236,0.00022554,0,59
714,488.091,309.274,478.213,303.568,5,83,S75,5,53,692,529.714,337.0362,302.763,478.2004,303.4844,133.003,11.8868,11.3776,617.3029,0.56374041,0.00041194,0,58
715,256.049,162.975,246.883,156.193,5,84,S76,5,54,693,536.6936,341.5279,302.763,246.8768,156.1138,132.188,11.9234,11.4106,342.9916,0.56470537,0.00096496,0,57
716,504.878,319.596,498.021,315.012,5,85,S77,5,51,690,529.9846,336.6157,302.763,498.0082,314.9279,133.03,11.8847,11.3934,637.0079,0.56335524,-0.00948317,0,56
717,381.931,241.923,372.451,235.604,5,86,S78,5,52,691,536.9642,341.1074,302.763,372.4408,235.5208,132.768,11.899,11.3972,491.5808,0.56332847,-2.677e-05,0,55
718,401.74,253.368,392.258,247.047,5,87,S79,5,49,688,530.2552,336.1953,302.763,392.2463,246.9646,132.81,11.8953,11.4155,514.4414,0.56157604,0.00191349,0,54
719,129.66,84.776,121.32,76.775,5,88,S80,5,50,689,537.2348,340.687,302.763,121.3291,76.7049,130.261,11.9779,11.4579,194.3819,0.57283841,0.01126237,0,53
720,149.958,95.471,141.116,88.232,5,89,S81,5,47,686,530.5258,335.7748,302.763,141.1204,88.1594,130.82,11.9671,11.4841,217.2459,0.56356676,0.00408625,0,52
721,276.345,173.649,266.687,167.64,5,90,S82,5,48,687,537.5054,340.2665,302.763,266.6793,167.5601,132.326,11.9189,11.4318,365.8536,0.55966255,-0.00390421,0,51
722,296.348,184.779,286.489,179.084,5,91,S83,5,45,684,530.7963,335.3544,302.763,286.4811,179.004,132.431,11.9137,11.4554,388.7156,0.55660721,-0.00135528,0,50
723,421.688,264.588,412.063,258.49,5,92,S84,5,46,685,537.7759,339.846,302.763,412.0511,258.4066,132.866,11.8935,11.4357,537.3018,0.55948051,0.0028733,0,49
724,170.01,106.538,160.912,99.682,5,93,S85,5,43,682,531.0669,334.9339,302.763,160.9131,99.6075,131.219,11.9551,11.5091,240.1128,0.55791801,0.0031235,0,48
725,441.512,275.999,431.867,269.931,5,94,S86,5,44,683,538.0465,339.4256,302.763,431.8549,269.8476,132.905,11.9075,11.4541,560.1602,0.55796249,4.448e-05,0,47
726,461.435,287.249,451.671,281.37,5,95,S87,5,41,680,531.3375,334.5135,302.763,451.6582,281.287,132.947,11.9275,11.4705,583.0189,0.55623934,0.00053747,0,46
727,316.152,196.223,306.291,190.527,5,96,S88,5,42,681,538.3171,339.0051,302.763,306.2821,190.4455,132.519,11.9092,11.4776,411.5768,0.55479451,-0.00144483,0,45
728,335.661,208.14,326.092,201.967,5,97,S89,5,39,678,531.6081,334.093,302.763,326.0822,201.8859,132.603,11.9255,11.5001,434.4372,0.55445573,-1.724e-05,0,44
729,481.02,299.042,471.474,292.809,5,98,S90,5,40,679,538.5877,338.5847,302.763,471.4606,292.7258,132.982,11.9462,11.4869,605.8781,0.55570187,0.00124614,0,43
730,190.217,117.333,180.708,111.127,5,99,S91,5,37,676,531.8787,333.6725,302.763,180.7064,111.0511,131.531,11.9455,11.5381,262.9752,0.55206201,-0.00022444,0,42
731,500.846,310.444,491.276,304.248,5,100,S92,5,38,677,538.8583,338.1642,302.763,491.2624,304.1637,133.02,11.9633,11.5022,628.7364,0.55447297,0.00241096,0,41
732,210.078,128.683,200.504,122.569,5,101,S93,5,35,674,532.1493,333.2521,302.763,200.5005,122.4917,131.776,11.9375,11.564,285.8392,0.54943087,-0.00145226,0,40
733,355.617,219.331,345.893,213.406,5,102,S94,5,36,675,539.1289,337.7437,302.763,345.8821,213.3244,132.675,11.9509,11.52,457.2964,0.55228645,0.00285558,0,39
734,230.143,139.693,220.3,134.008,5,103,S95,5,33,672,532.4198,332.8316,302.763,220.2949,133.9297,131.968,11.9564,11.59,308.7024,0.54590509,-0.00326244,0,38
735,375.431,230.75,365.693,224.844,5,104,S96,5,34,673,539.3994,337.3233,302.763,365.6814,224.762,132.74,11.974,11.5378,480.1559,0.55088313,0.00497804,0,37
736,414.916,253.815,405.291,247.718,5,107,S97,5,31,670,532.961,331.9907,302.763,405.2788,247.6348,132.838,12.0112,11.5681,525.8737,0.54895262,0.0045663,0,34
737,395.36,241.98,385.492,236.281,5,108,S98,5,32,671,539.9406,336.4824,302.763,385.4802,236.1986,132.792,11.9927,11.5536,503.0156,0.54916753,0.00021491,0,33
738,434.735,265.221,425.09,259.153,5,109,S99,5,29,668,533.2316,331.5702,302.763,425.0767,259.07,132.881,12.0276,11.5808,548.7327,0.5478386,0.00477753,0,32
739,249.943,151.132,240.096,145.445,5,110,S100,5,30,669,540.2112,336.0619,302.763,240.0895,145.3662,132.131,11.9915,11.6109,331.564,0.54438632,-0.00345228,0,31
740,454.535,276.656,444.888,270.588,5,111,S101,5,27,666,533.5022,331.1498,302.763,444.8746,270.5046,132.929,12.0432,11.5933,571.5911,0.5468743,0.00497968,0,30
741,269.743,162.57,259.892,156.881,5,112,S102,5,28,667,540.4818,335.6415,302.763,259.884,156.8017,132.258,12.0194,11.6281,354.4258,0.54306107,-0.00381323,0,29
742,474.558,287.723,464.686,282.022,5,113,S103,5,25,664,533.7727,330.7293,302.763,464.6725,281.9385,132.971,12.0571,11.605,594.4497,0.54526031,0.00048319,0,28
743,289.541,174.006,279.688,168.316,5,114,S104,5,26,665,540.7524,335.221,302.763,279.6786,168.2358,132.377,12.045,11.6449,377.2854,0.54189462,-0.00336569,0,27
744,309.148,185.762,299.484,179.75,5,115,S105,5,23,662,534.0433,330.3089,302.763,299.4733,179.6695,132.48,12.0667,11.6582,400.1467,0.54179277,-0.00250533,0,26
745,494.256,299.323,484.484,293.456,5,116,S106,5,24,663,541.0229,334.8005,302.763,484.4697,293.3725,133.003,12.0694,11.6144,617.3076,0.54477712,0.00298435,0,25
746,111.314,70.973,104.542,60.357,5,117,S107,5,21,660,534.3139,329.8884,302.763,104.5448,60.2851,144.006,13.319,11.886,171.491,0.56318364,0.0249019,0,24
747,511.477,309.401,504.282,304.889,5,118,S108,5,22,661,541.2935,334.3801,302.763,504.2669,304.8057,133.035,12.0812,11.6236,637.2585,0.5442981,-0.01888554,0,23
748,125.149,70.142,114.439,66.071,5,119,S109,5,19,658,534.5845,329.468,302.763,114.4485,66.0033,129.906,12.0178,11.8304,182.9246,0.51894935,-0.01794111,0,22
749,329.497,196.276,319.279,191.184,5,120,S110,5,20,659,541.5641,333.9596,302.763,319.2679,191.1022,132.561,12.0851,11.6706,423.0058,0.53828174,0.01933239,0,21
750,369.238,218.895,358.87,214.049,5,121,S111,5,17,656,534.8551,329.0475,302.763,358.8578,213.9666,132.702,12.1163,11.6908,468.7239,0.53624811,0.02128898,0,20
751,349.441,207.462,339.075,202.616,5,122,S112,5,18,657,541.8347,333.5392,302.763,339.0627,202.5348,132.638,12.1026,11.6809,445.8646,0.53689046,0.00064235,0,19
752,389.166,230.106,378.666,225.481,5,123,S113,5,15,654,535.1257,328.627,302.763,378.6528,225.3981,132.764,12.1297,11.698,491.5828,0.53514113,0.00026685,0,18
753,145.421,80.775,134.234,77.5,5,124,S114,5,16,655,542.1053,333.1187,302.763,134.2382,77.4287,130.564,12.0764,11.8355,205.8029,0.51495913,-0.020182,0,17
754,428.696,253.077,418.256,248.343,5,125,S115,5,13,652,535.3962,328.2066,302.763,418.2423,248.2607,132.871,12.1525,11.7126,537.3009,0.53439809,0.02103737,0,16
755,408.899,241.645,398.461,236.912,5,126,S116,5,14,653,542.3759,332.6983,302.763,398.4475,236.8299,132.813,12.1408,11.7057,514.4415,0.53487428,0.00047619,0,15
756,448.778,264.025,438.052,259.774,5,127,S117,5,11,650,535.6668,327.7861,302.763,438.0372,259.6917,132.908,12.1617,11.719,560.1596,0.53295805,0.00036432,0,14
757,165.508,91.722,154.029,88.929,5,128,S118,5,12,651,542.6464,332.2778,302.763,154.0294,88.855,131.038,12.1188,11.8388,228.6765,0.51336072,-0.01959733,0,13
758,488.465,286.725,477.642,282.636,5,129,S119,5,9,648,535.9374,327.3657,302.763,477.6269,282.5526,132.986,12.1792,11.7301,605.8761,0.53194693,-0.00023874,0,12
759,468.574,275.456,457.847,271.205,5,130,S120,5,10,649,542.917,331.8573,302.763,457.832,271.122,132.947,12.1709,11.7245,583.018,0.53259373,0.0006468,0,11
760,204.643,115.4,193.619,111.786,5,131,S121,5,7,646,536.208,326.9452,302.763,193.614,111.7091,131.655,12.1746,11.8431,274.399,0.51848608,-0.00236905,0,10
761,508.088,298.448,497.437,294.066,5,132,S122,5,8,647,543.1876,331.4369,302.763,497.4219,293.9826,133.017,12.1868,11.7355,628.7337,0.53218567,0.01369959,0,9
762,302.913,173.811,292.593,168.929,5,133,S123,5,5,644,536.4786,326.5247,302.763,292.5818,168.8482,132.422,12.2433,11.8473,388.7053,0.52372097,-0.00096039,0,8
763,243.98,138.717,233.208,134.643,5,134,S124,5,6,645,543.4582,331.0164,302.763,233.2005,134.5644,132.048,12.2092,11.845,320.122,0.52085513,-0.00286584,0,7
764,381.89,219.896,371.772,214.643,5,135,S125,5,3,642,536.7492,326.1043,302.763,371.7587,214.5609,132.728,12.2708,11.848,480.1441,0.52457719,0.00088746,0,6
765,342.296,197.037,332.183,191.786,5,136,S126,5,4,643,543.7288,330.596,302.763,332.1699,191.7046,132.601,12.2586,11.8481,434.4252,0.52468136,0.00010417,0,5
766,500.88,288.103,490.542,283.214,5,137,S127,5,1,640,537.0197,325.6838,302.763,490.5252,283.131,133.008,12.2955,11.8498,617.2957,0.52366969,0.0,0,4
767,401.898,230.958,391.567,226.071,5,138,S128,5,2,641,543.9993,330.1755,302.763,391.5529,225.9893,132.791,12.2758,11.8482,503.0023,0.52368973,2.004e-05,0,3
768,415.218,368.25,408.457,358.654,6,3,S1,6,127,894,481.8853,402.7929,308.363,408.4578,358.5694,132.96,12.3207,11.8784,593.8948,0.71380762,0.00155369,1,68
769,449.599,394.4,440.857,391.028,6,4,S2,6,128,895,488.3933,407.9443,308.363,440.8571,390.9432,133.031,12.3798,11.9329,637.0093,0.70950046,-0.00430716,1,67
770,389.03,346.102,382.191,336.604,6,5,S3,6,125,892,482.1956,402.4009,308.363,382.192,336.5199,132.909,12.332,11.8935,559.5994,0.71453066,0.00080824,1,66
771,441.78,389.966,434.724,380.702,6,6,S4,6,126,893,488.7036,407.5522,308.363,434.7239,380.6173,133.015,12.312,11.8639,628.1909,0.71225393,-0.00227673,1,65
772,338.012,300.253,329.656,292.499,6,7,S5,6,123,890,482.5059,402.0088,308.363,329.659,292.4159,132.769,12.3583,11.9327,491.0187,0.71207826,0.00256323,1,64
773,363.404,323.311,355.924,314.553,6,8,S6,6,124,891,489.0139,407.1602,308.363,355.9255,314.469,132.845,12.3436,11.9123,525.3076,0.71372242,0.00164416,1,63
774,330.853,291.113,323.516,282.176,6,9,S7,6,121,888,482.8162,401.6168,308.363,323.5187,282.0929,132.731,12.2654,11.8397,479.6324,0.70740534,0.0025404,1,62
775,304.173,269.537,297.253,260.126,6,10,S8,6,122,889,489.3242,406.7681,308.363,297.256,260.044,132.643,12.2743,11.8571,445.3338,0.70951503,0.00210969,1,61
776,384.501,333.919,376.044,326.271,6,11,S9,6,119,886,483.1266,401.2247,308.363,376.0448,326.1868,132.896,12.2517,11.8119,548.2306,0.7031568,0.00120318,1,60
777,357.77,312.41,349.78,304.224,6,12,S10,6,120,887,489.6346,406.3761,308.363,349.7814,304.1407,132.815,12.2575,11.8243,513.9325,0.70486494,0.00170814,1,59
778,437.38,377.606,428.572,370.361,6,13,S11,6,117,884,483.4369,400.8327,308.363,428.5718,370.2762,133.007,12.2411,11.7897,616.8169,0.70174886,-0.00830265,1,58
779,411.114,355.56,402.308,348.316,6,14,S12,6,118,885,489.9449,405.984,308.363,402.3085,348.2318,132.947,12.2453,11.8005,582.5253,0.70195362,0.00020476,1,57
780,252.541,224.38,244.727,216.02,6,15,S13,6,115,882,483.7472,400.4407,308.363,244.732,215.9392,132.375,12.2963,11.9019,376.744,0.70786104,0.00342313,1,56
781,278.009,247.361,270.99,238.075,6,16,S14,6,116,883,490.2552,405.592,308.363,270.9936,237.9928,132.52,12.2843,11.8771,411.0369,0.71005151,0.00219047,1,55
782,298.996,258.073,291.089,249.788,6,17,S15,6,113,880,484.0575,400.0486,308.363,291.0919,249.7057,132.603,12.1675,11.7487,433.9704,0.69724465,0.00057811,1,54
783,227.254,201.196,218.464,193.961,6,18,S16,6,114,881,490.5655,405.1999,308.363,218.4712,193.8816,132.202,12.3111,11.9321,342.4596,0.70443791,0.00719326,1,53
784,351.975,301.635,343.613,293.876,6,19,S17,6,111,878,484.3679,399.6566,308.363,343.6137,293.7933,132.793,12.1672,11.7317,502.5567,0.69600504,0.00025096,1,52
785,325.459,279.885,317.351,271.833,6,20,S18,6,112,879,490.8758,404.8079,308.363,317.3526,271.7499,132.708,12.1675,11.7397,468.263,0.69666654,0.0006615,1,51
786,404.846,345.318,396.138,337.962,6,21,S19,6,109,876,484.6782,399.2645,308.363,396.1375,337.8775,132.93,12.1662,11.7186,571.1382,0.69534696,8.227e-05,1,50
787,378.376,323.517,369.875,315.919,6,22,S20,6,110,877,491.1862,404.4158,308.363,369.8754,315.8358,132.867,12.1667,11.7242,536.8469,0.69575408,0.00040712,1,49
788,455.104,387.542,448.664,382.045,6,23,S21,6,107,874,484.9885,398.8725,308.363,448.6628,381.9599,133.038,12.1654,11.709,636.7788,0.69569721,-0.0020931,1,48
789,431.206,367.247,422.401,360.004,6,24,S22,6,108,875,491.4965,404.0238,308.363,422.4,359.9191,132.988,12.1661,11.7128,605.4271,0.69526469,-0.00043252,1,47
790,245.98,214.548,238.568,205.694,6,25,S23,6,105,872,485.2988,398.4804,308.363,238.5729,205.6143,132.323,12.1684,11.7728,365.3804,0.69909232,-0.00180426,1,46
791,272.566,236.22,264.828,227.742,6,26,S24,6,106,873,491.8068,403.6317,308.363,264.832,227.6609,132.475,12.1681,11.76,399.6768,0.69779031,-0.00130201,1,45
792,193.225,170.7,186.052,161.591,6,27,S25,6,103,870,485.6091,398.0884,308.363,186.0607,161.5136,131.874,12.1665,11.8091,296.7834,0.70039509,0.00114757,1,44
793,219.341,192.932,212.309,183.645,6,28,S26,6,104,871,492.1171,403.2397,308.363,212.3156,183.5654,132.121,12.1673,11.7884,331.0804,0.70089658,0.00050149,1,43
794,141.347,125.804,133.547,117.466,6,29,S27,6,101,868,485.9195,397.6963,308.363,133.5623,117.3941,131.034,12.1578,11.8701,228.1835,0.6964924,0.01757453,1,42
795,167.193,148.362,159.797,139.533,6,30,S28,6,102,869,492.4274,402.8476,308.363,159.8089,139.4574,131.529,12.1638,11.8351,262.4825,0.69924752,0.00275512,1,41
796,424.747,357.191,416.208,349.629,6,31,S29,6,99,866,486.2298,397.3043,308.363,416.2069,349.5448,132.966,12.0867,11.6321,594.0364,0.68923088,-3.95e-05,1,40
797,117.251,101.209,107.306,95.385,6,32,S30,6,100,867,492.7378,402.4556,308.363,107.3262,95.3177,130.264,12.1435,11.9184,193.951,0.67891787,-0.01031301,1,39
798,398.564,335.052,389.945,327.589,6,33,S31,6,97,864,486.5401,396.9122,308.363,389.9444,327.5051,132.905,12.0817,11.6328,559.7511,0.68845458,0.00118316,1,38
799,451.192,379.015,442.471,371.669,6,34,S32,6,98,865,493.0481,402.0635,308.363,442.4699,371.5842,133.017,12.0917,11.6325,628.3238,0.68927038,0.0008158,1,37
800,346.323,290.622,337.419,283.509,6,37,S33,6,95,862,487.1607,396.1281,308.363,337.4197,283.4256,132.763,12.0702,11.6326,491.182,0.68617621,0.00129068,1,34
801,372.483,312.789,363.682,305.549,6,38,S34,6,96,863,493.6687,401.2795,308.363,363.6818,305.4656,132.842,12.0767,11.6328,525.4663,0.68727142,0.00109521,1,33
802,294.03,246.251,284.895,239.426,6,39,S35,6,93,860,487.4711,395.7361,308.363,284.8972,239.3447,132.563,12.0537,11.6332,422.6132,0.68334448,0.0015441,1,32
803,320.172,268.444,311.157,261.468,6,40,S36,6,94,861,493.979,400.8874,308.363,311.1582,261.3851,132.673,12.063,11.633,456.8984,0.68488553,0.00154105,1,31
804,241.457,202.213,232.373,195.342,6,41,S37,6,91,858,487.7814,395.344,308.363,232.3774,195.2616,132.266,12.0287,11.6328,354.0408,0.68064458,0.00127033,1,30
805,267.822,224.139,258.634,217.384,6,42,S38,6,92,859,494.2894,400.4954,308.363,258.6369,217.3032,132.429,12.0423,11.6331,388.329,0.68180038,0.0011558,1,29
806,188.846,158.214,179.855,151.252,6,43,S39,6,89,856,488.0917,394.952,308.363,179.8631,151.175,131.771,11.9865,11.631,285.467,0.67683751,-0.00541313,1,28
807,215.065,180.32,206.113,173.298,6,44,S40,6,90,857,494.5997,400.1033,308.363,206.1191,173.2192,132.051,12.0101,11.6319,319.7529,0.67937425,0.00253674,1,27
808,418.966,346.272,409.993,339.238,6,45,S41,6,87,854,488.402,394.5599,308.363,409.991,339.1532,132.949,12.0048,11.548,582.6505,0.68107807,0.00769114,1,26
809,445.144,368.419,436.257,361.277,6,46,S42,6,88,855,494.91,399.7113,308.363,436.2555,361.1918,133.008,12.0141,11.553,616.9329,0.68225064,0.00117257,1,25
810,392.895,323.993,383.728,317.198,6,47,S43,6,85,852,488.7123,394.1679,308.363,383.7267,317.1142,132.891,11.9935,11.5425,548.3693,0.67944901,0.00103638,1,24
811,162.661,136.064,153.599,129.204,6,48,S44,6,86,853,495.2203,399.3192,308.363,153.6099,129.1292,131.381,11.9529,11.6302,251.1825,0.67338693,-0.00606208,1,23
812,136.57,113.792,127.347,107.151,6,49,S45,6,83,850,489.0227,393.7758,308.363,127.3615,107.0799,130.816,11.9625,11.627,216.9002,0.66813558,-0.00848779,1,22
813,366.56,302.036,357.463,295.159,6,50,S46,6,84,851,495.5306,398.9272,308.363,357.4623,295.0753,132.816,11.9814,11.5354,514.086,0.67841263,0.01027705,1,21
814,314.066,257.902,304.933,251.08,6,51,S47,6,81,848,489.333,393.3838,308.363,304.9334,250.997,132.638,11.9507,11.5191,445.5214,0.67522899,0.00157027,1,20
815,340.407,279.853,331.198,273.119,6,52,S48,6,82,849,495.841,398.5351,308.363,331.1979,273.0361,132.737,11.9674,11.5291,479.8037,0.67662337,0.00139438,1,19
816,462.443,378.398,456.288,372.906,6,53,S49,6,79,846,489.6433,392.9918,308.363,456.2853,372.8208,133.035,11.9456,11.4795,636.6596,0.67728332,0.02090599,1,18
817,287.709,235.968,278.668,229.04,6,54,S50,6,80,847,496.1513,398.1431,308.363,278.6691,228.958,132.533,11.9315,11.5086,411.2382,0.67365872,-0.0036246,1,17
818,438.994,357.901,430.021,350.866,6,55,S51,6,77,844,489.9536,392.5997,308.363,430.0184,350.7817,132.986,11.9332,11.4701,605.5427,0.67517301,0.00579002,1,16
819,110.999,90.875,101.101,85.09,6,56,S52,6,78,845,496.4616,397.751,308.363,101.1221,85.0246,129.905,11.9793,11.6324,182.6425,0.65637733,-0.01879568,1,15
820,412.818,335.744,403.753,328.827,6,57,S53,6,75,842,490.2639,392.2077,308.363,403.7506,328.7428,132.932,11.9182,11.4595,571.2616,0.67353649,0.00051607,1,14
821,261.926,213.325,252.402,206.999,6,58,S54,6,76,843,496.7719,397.359,308.363,252.4046,206.9185,132.377,11.9144,11.4958,376.9652,0.66938299,-0.0041535,1,13
822,235.591,191.359,226.137,184.959,6,59,S55,6,73,840,490.5743,391.8156,308.363,226.1406,184.8789,132.205,11.9232,11.4819,342.6844,0.66680069,-0.00353813,1,12
823,386.193,314.142,377.484,306.787,6,60,S56,6,74,841,497.0823,396.9669,308.363,377.4829,306.703,132.869,11.9012,11.4474,536.9767,0.67302042,0.00621973,1,11
824,209.233,169.417,199.871,162.917,6,61,S57,6,71,838,490.8846,391.4236,308.363,199.8759,162.839,131.962,11.9315,11.4674,308.403,0.66375158,-0.00488374,1,10
825,360.229,291.72,351.215,284.747,6,62,S58,6,72,839,497.3926,396.5749,308.363,351.2142,284.6636,132.792,11.8965,11.4328,502.6994,0.67033882,0.00658724,1,9
826,183.15,147.128,173.604,140.875,6,63,S59,6,69,836,491.1949,391.0315,308.363,173.6115,140.799,131.652,11.9428,11.4547,274.1301,0.65832483,-0.01097271,1,8
827,333.861,269.797,324.946,262.707,6,64,S60,6,70,837,497.7029,396.1828,308.363,324.945,262.6241,132.707,11.9017,11.4203,468.4181,0.66863532,0.01031049,1,7
828,307.717,247.594,298.675,240.666,6,65,S61,6,67,834,491.5052,390.6395,308.363,298.6752,240.584,132.603,11.9067,11.4056,434.1415,0.66583688,-0.00197004,1,6
829,459.16,369.318,450.031,362.479,6,66,S62,6,68,835,498.0132,395.7908,308.363,450.0279,362.3938,133.016,11.8854,11.3987,628.4311,0.66929754,0.00346066,1,5
830,281.333,225.686,272.403,218.625,6,67,S63,6,65,832,491.8156,390.2474,308.363,272.404,218.5438,132.479,11.9121,11.3925,399.8612,0.66350959,-0.00265456,1,4
831,432.824,347.354,423.759,340.438,6,68,S64,6,66,833,498.3235,395.3987,308.363,423.7565,340.3529,132.965,11.8879,11.3857,594.1503,0.66780692,0.00429733,1,3
832,156.758,125.217,147.337,118.832,6,73,S65,6,63,830,492.7465,389.0713,308.363,147.3473,118.758,131.222,11.9571,11.4401,239.8515,0.65338188,-0.0103829,0,68
833,406.477,325.403,397.487,318.396,6,74,S66,6,64,831,499.2545,394.2226,308.363,397.4839,318.3122,132.907,11.8912,11.3744,559.8704,0.66616415,0.01278227,0,67
834,255.085,203.604,246.129,196.584,6,75,S67,6,61,828,493.0568,388.6792,308.363,246.1312,196.5036,132.324,11.9187,11.3794,365.5842,0.66014176,0.01267666,0,66
835,380.305,303.227,371.213,296.355,6,76,S68,6,62,829,499.5648,393.8306,308.363,371.2104,296.2709,132.841,11.8948,11.3615,525.5913,0.66376478,0.00362302,0,65
836,354.264,280.884,344.937,274.312,6,77,S69,6,59,826,493.3672,388.2872,308.363,344.9356,274.2293,132.764,11.8987,11.3519,491.3166,0.66059862,-0.00214195,0,64
837,130.275,103.411,121.068,96.787,6,78,S70,6,60,827,499.8751,393.4385,308.363,121.0825,96.7166,130.562,11.9724,11.4278,205.5714,0.6474651,-0.01313352,0,63
838,229.214,181.037,219.853,174.542,6,79,S71,6,57,824,493.6775,387.8951,308.363,219.8564,174.463,132.122,11.9262,11.3659,331.3156,0.65422305,-0.00379436,0,62
839,452.722,359.066,443.75,352.033,6,80,S72,6,58,825,500.1855,393.0465,308.363,443.7461,351.9483,133.011,11.8879,11.3361,617.0346,0.66274057,0.00851752,0,61
840,426.634,336.779,417.472,329.989,6,81,S73,6,55,822,493.9878,387.5031,308.363,417.4688,329.905,132.948,11.8903,11.3362,582.7584,0.66013635,0.00897051,0,60
841,327.92,258.919,318.66,252.27,6,82,S74,6,56,823,500.4958,392.6544,308.363,318.6588,252.1869,132.673,11.9039,11.3416,457.0387,0.65801741,-0.00211894,0,59
842,301.718,236.768,292.38,230.226,6,83,S75,6,53,820,494.2981,387.111,308.363,292.3797,230.1444,132.56,11.9087,11.3618,422.7638,0.65446414,-0.00298955,0,58
843,202.564,159.455,193.574,152.5,6,84,S76,6,54,821,500.8061,392.2624,308.363,193.5786,152.4219,131.875,11.9368,11.3818,297.0361,0.65116584,-0.0032983,0,57
844,373.815,293.011,364.911,285.9,6,85,S77,6,51,818,494.6084,386.719,308.363,364.9078,285.8163,132.816,11.8961,11.3719,514.2012,0.65589128,-0.00231956,0,56
845,400.459,314.596,391.193,307.945,6,86,S78,6,52,819,501.1164,391.8703,308.363,391.1896,307.8609,132.888,11.893,11.3523,548.4814,0.65745369,0.00156241,0,55
846,275.027,215.24,266.097,208.182,6,87,S79,6,49,816,494.9188,386.327,308.363,266.0973,208.1007,132.429,11.9144,11.3886,388.4839,0.65232239,0.00597047,0,54
847,470.044,368.927,463.726,363.615,6,88,S80,6,50,817,501.4267,391.4783,308.363,463.7216,363.5298,133.029,11.8844,11.3632,636.7635,0.65821084,0.00588845,0,53
848,446.415,348.6,437.443,341.568,6,89,S81,6,47,814,495.2291,385.9349,308.363,437.4387,341.4835,132.983,11.8879,11.3829,605.639,0.6555252,0.00230056,0,52
849,176.066,137.672,167.29,130.456,6,90,S82,6,48,815,501.7371,391.0862,308.363,167.2966,130.3805,131.528,11.9482,11.4235,262.7602,0.64635192,-0.00917328,0,51
850,248.602,193.365,239.81,186.136,6,91,S83,6,45,812,495.5394,385.5429,308.363,239.8113,186.0563,132.264,11.9215,11.4239,354.2083,0.64853173,-0.00466268,0,50
851,347.429,271.091,338.626,263.853,6,92,S84,6,46,813,502.0474,390.6942,308.363,338.6237,263.7703,132.734,11.8996,11.3961,479.9237,0.65322464,0.00469291,0,49
852,149.766,115.621,140.997,108.411,6,93,S85,6,43,810,495.8497,385.1508,308.363,141.0074,108.3379,131.04,11.9615,11.4885,228.4913,0.63863561,-0.01027128,0,48
853,420.052,326.648,411.157,319.52,6,94,S86,6,44,811,502.3577,390.3021,308.363,411.1528,319.4364,132.931,11.8903,11.4058,571.3604,0.65319441,0.0145588,0,47
854,393.774,304.584,384.868,297.471,6,95,S87,6,41,808,496.16,384.7588,308.363,384.8645,297.3876,132.862,11.893,11.4341,537.0852,0.65030433,0.0070549,0,46
855,321.378,248.731,312.338,241.806,6,96,S88,6,42,809,502.668,389.9101,308.363,312.3358,241.7235,132.634,11.9045,11.4282,445.6507,0.64890689,-0.00139744,0,45
856,466.525,359.97,457.4,353.134,6,97,S89,6,39,806,496.4704,384.3667,308.363,457.395,353.0496,133.025,11.9059,11.4416,628.52,0.65036185,0.00511421,0,44
857,222.306,171.315,213.517,164.089,6,98,S90,6,40,807,502.9783,389.518,308.363,213.5192,164.0109,132.051,11.9287,11.4717,319.937,0.64324943,-0.00711242,0,43
858,367.665,282.29,358.576,275.421,6,99,S91,6,37,804,496.7807,383.9747,308.363,358.5721,275.3375,132.789,11.9126,11.4698,502.8114,0.64645268,-0.00133301,0,42
859,294.977,226.817,286.045,219.757,6,100,S92,6,38,805,503.2887,389.126,308.363,286.0434,219.6755,132.524,11.9096,11.4675,411.3756,0.64524764,-0.00120504,0,41
860,196.001,149.263,187.215,142.04,6,101,S93,6,35,802,497.091,383.5826,308.363,187.2194,141.963,131.768,11.937,11.5359,285.6684,0.63671305,-0.00310495,0,40
861,440.171,337.997,431.108,331.083,6,102,S94,6,36,803,503.599,388.7339,308.363,431.1032,330.9984,132.964,11.9292,11.4702,594.2436,0.64778569,0.01107264,0,39
862,341.406,260.182,332.278,253.369,6,103,S95,6,33,800,497.4013,383.1906,308.363,332.2753,253.2859,132.704,11.9435,11.5092,468.5374,0.64254725,-0.00188406,0,38
863,268.824,204.568,259.746,197.706,6,104,S96,6,34,801,503.9093,388.3419,308.363,259.7452,197.6252,132.378,11.9239,11.5192,377.1057,0.639818,-0.00272925,0,37
864,122.905,94.303,114.691,86.364,6,107,S97,6,31,798,498.022,382.4065,308.363,114.7057,86.2957,130.267,11.9754,11.584,194.2198,0.63294833,-0.00646464,0,34
865,413.969,315.814,404.812,309.03,6,108,S98,6,32,799,504.53,387.5578,308.363,404.8073,308.9457,132.907,11.9556,11.5035,559.967,0.64443131,0.01148298,0,33
866,387.602,293.844,378.511,286.974,6,109,S99,6,29,796,498.3323,382.0144,308.363,378.5068,286.891,132.835,11.9854,11.5417,525.6926,0.64115198,-0.00165474,0,32
867,314.78,238.552,305.975,231.314,6,110,S100,6,30,797,504.8403,387.1658,308.363,305.9728,231.232,132.601,11.9793,11.5566,434.262,0.63941297,-0.00173901,0,31
868,242.791,182.138,233.438,175.653,6,111,S101,6,27,794,498.6426,381.6224,308.363,233.4391,175.573,132.193,11.9674,11.5813,342.8389,0.63267039,0.00846294,0,30
869,460.262,349.347,451.047,342.634,6,112,S102,6,28,795,505.1506,386.7737,308.363,451.0412,342.5494,132.999,11.9892,11.5303,617.1211,0.64280672,0.01013633,0,29
870,104.645,80.482,97.52,71.147,6,113,S103,6,25,792,498.9529,381.2303,308.363,97.5305,71.0754,144.013,13.324,11.7885,171.3219,0.63094943,-0.00833732,0,28
871,170.309,126.355,160.9,119.989,6,114,S104,6,26,793,505.4609,386.3817,308.363,160.9069,119.9141,131.388,11.9481,11.6257,251.4102,0.62420745,-0.00674198,0,27
872,361.653,271.304,352.205,264.917,6,115,S105,6,23,790,499.2633,380.8383,308.363,352.2006,264.8338,132.769,12.0209,11.5856,491.4219,0.63597691,0.00622295,0,26
873,434.055,327.157,424.743,320.576,6,116,S106,6,24,791,505.7712,385.9896,308.363,424.7378,320.4921,132.953,12.0194,11.5667,582.8466,0.63928675,0.00330984,0,25
874,477.645,359.457,470.975,354.175,6,117,S107,6,21,788,499.5736,380.4462,308.363,470.969,354.0906,133.029,12.0459,11.5865,637.0994,0.63915276,0.0031959,0,24
875,289.579,214.997,279.664,209.257,6,118,S108,6,22,789,506.0816,385.5976,308.363,279.6622,209.1755,132.478,12.022,11.6123,400.0024,0.62975396,-0.0093988,0,23
876,217.379,158.828,207.12,153.596,6,119,S109,6,19,786,499.8839,380.0542,308.363,207.1214,153.518,131.968,12.0233,11.6591,308.5852,0.62044572,-0.0091504,0,22
877,407.636,305.24,398.434,298.516,6,120,S110,6,20,787,506.3919,385.2055,308.363,398.4293,298.432,132.887,12.0525,11.6059,548.5716,0.63595686,0.01551114,0,21
878,453.926,338.76,444.664,332.113,6,121,S111,6,17,784,500.1942,379.6621,308.363,444.658,332.0282,132.994,12.0779,11.6237,605.7214,0.63508704,0.02603896,0,20
879,335.81,248.598,325.891,242.856,6,122,S112,6,18,785,506.7022,384.8135,308.363,325.8872,242.7739,132.669,12.0608,11.6355,457.1542,0.62959612,-0.00549092,0,19
880,264.147,191.701,253.343,187.196,6,123,S113,6,15,782,500.5045,379.2701,308.363,253.3418,187.1156,132.322,12.0738,11.6797,365.7491,0.61922985,-0.00902627,0,18
881,144.416,103.648,134.564,97.934,6,124,S114,6,16,783,507.0125,384.4214,308.363,134.5739,97.8619,130.815,12.0165,11.7522,217.1536,0.60904808,-0.01018177,0,17
882,310.241,225.486,299.568,220.792,6,125,S115,6,13,780,500.8149,378.8781,308.363,299.565,220.7103,132.557,12.1081,11.6938,422.8944,0.62102382,-0.00781921,0,16
883,382.411,281.694,372.119,276.453,6,126,S116,6,14,781,507.3228,384.0294,308.363,372.114,276.3692,132.814,12.0898,11.6522,514.3081,0.62825612,0.0072323,0,15
884,191.02,136.754,180.784,131.535,6,127,S117,6,11,778,501.1252,378.486,308.363,180.7873,131.4582,131.655,12.0927,11.7578,274.3179,0.61084078,-0.01800549,0,14
885,428.448,315.552,418.347,310.047,6,128,S118,6,12,779,507.6332,383.6373,308.363,418.341,309.9631,132.934,12.1127,11.6652,571.4542,0.62884303,0.01800225,0,13
886,356.473,259.08,345.795,254.386,6,129,S119,6,9,776,501.4355,378.094,308.363,345.7904,254.3029,132.739,12.1336,11.705,480.0416,0.6218998,0.00953341,0,12
887,474.662,349.168,464.575,343.64,6,130,S120,6,10,777,507.9435,383.2453,308.363,464.5685,343.5558,133.013,12.1295,11.6762,628.6011,0.62884627,0.00694647,0,11
888,403.044,292.207,392.022,287.978,6,131,S121,6,7,774,501.7458,377.7019,308.363,392.0166,287.8943,132.858,12.1515,11.7133,537.1924,0.62151518,0.00679901,0,10
889,237.551,169.951,227.008,165.13,6,132,S122,6,8,775,508.2538,382.8532,308.363,227.0074,165.0512,132.131,12.1362,11.7622,331.4752,0.61236639,-0.00914879,0,9
890,449.414,325.61,438.25,321.569,6,133,S123,6,5,772,502.0561,377.3099,308.363,438.2431,321.4852,132.97,12.1672,11.7185,594.3406,0.62177899,0.00623059,0,8
891,283.788,203.546,273.234,198.723,6,134,S124,6,6,773,508.5641,382.4612,308.363,273.2309,198.6421,132.435,12.1648,11.7635,388.6222,0.61471617,-0.00706282,0,7
892,376.496,270.4,365.688,265.905,6,135,S125,6,3,770,502.3665,376.9178,308.363,365.6826,265.8215,132.794,12.1978,11.7663,502.9166,0.61699954,-0.00054748,0,6
893,330.262,236.809,319.461,232.314,6,136,S126,6,4,771,508.8744,382.0691,308.363,319.4562,232.2321,132.639,12.1834,11.7663,445.7723,0.6155484,-0.00145114,0,5
894,469.33,337.071,458.145,333.084,6,137,S127,6,1,768,502.6768,376.5258,308.363,458.1373,332.9993,132.998,12.217,11.7685,617.2092,0.6180773,0.0,0,4
895,422.929,303.715,411.916,299.494,6,138,S128,6,2,769,509.1848,381.6771,308.363,411.9098,299.4105,132.917,12.2091,11.7679,560.064,0.61754702,-0.00053028,0,3
896,399.807,432.9,393.289,423.371,7,3,S1,7,127,1022,440.2845,447.8945,313.967,393.2975,423.2865,133.022,12.3666,11.9201,627.3499,0.80792455,-0.00148732,1,68
897,407.186,438.053,399.189,433.481,7,4,S2,7,128,1023,446.2584,453.6568,313.967,399.1982,433.3967,133.032,12.4132,11.9688,636.1761,0.80513724,-0.00278731,1,67
898,297.198,325.406,290.376,316.177,7,5,S3,7,125,1020,440.6316,447.5347,313.967,290.3876,316.0946,132.74,12.4014,11.9806,478.7446,0.80770109,0.00263887,1,66
899,367.575,400.434,360.951,391.012,7,6,S4,7,126,1021,446.6055,453.2969,313.967,360.9607,390.9281,132.952,12.3938,11.9542,581.61,0.80941187,0.00171078,1,65
900,362.309,389.73,355.047,380.9,7,7,S5,7,123,1018,440.9788,447.1748,313.967,355.0563,380.8165,132.929,12.3403,11.902,570.2397,0.80314606,-0.00046611,1,64
901,329.819,357.513,322.713,348.542,7,8,S6,7,124,1019,446.9526,452.937,313.967,322.7229,348.4592,132.846,12.3681,11.9376,524.4965,0.80506222,0.00191616,1,63
902,395.344,421.422,387.38,413.253,7,9,S7,7,121,1016,441.3259,446.8149,313.967,387.3885,413.1687,132.999,12.3172,11.8706,615.987,0.80028601,-0.00059875,1,62
903,258.964,282.933,252.142,273.706,7,10,S8,7,122,1017,447.2997,452.5772,313.967,252.1539,273.625,132.562,12.3694,11.9625,421.627,0.80361217,0.00332616,1,61
904,324.177,347.152,316.804,338.428,7,11,S9,7,119,1014,441.673,446.4551,313.967,316.814,338.3452,132.81,12.3078,11.8764,513.1267,0.79899411,0.00160783,1,60
905,291.639,314.984,284.473,306.071,7,12,S10,7,120,1015,447.6468,452.2173,313.967,284.4846,305.9889,132.705,12.3355,11.9154,467.3813,0.80088476,0.00189065,1,59
906,356.982,379.054,349.134,370.78,7,13,S11,7,117,1012,442.0201,446.0952,313.967,349.1429,370.6961,132.912,12.2861,11.845,558.87,0.79673863,0.00178383,1,58
907,220.956,240.245,213.907,231.233,7,14,S12,7,118,1013,447.994,451.8574,313.967,213.9215,231.1535,132.318,12.3263,11.9373,364.5225,0.79738628,0.00064765,1,57
908,389.425,411.295,381.463,403.127,7,15,S13,7,115,1010,442.3673,445.7353,313.967,381.4712,403.0425,132.987,12.2657,11.8184,604.6043,0.79564451,0.00757422,1,56
909,253.633,272.287,246.233,263.598,7,16,S14,7,116,1011,448.3411,451.4975,313.967,246.2451,263.5176,132.516,12.2926,11.8862,410.2783,0.7949548,-0.00068971,1,55
910,286.621,304.017,278.559,295.955,7,17,S15,7,113,1008,442.7144,445.3755,313.967,278.5696,295.8726,132.672,12.2663,11.8453,456.0322,0.79204529,0.00622423,1,54
911,150.849,164.947,143.362,156.371,7,18,S16,7,114,1009,448.6882,451.1377,313.967,143.3811,156.2979,131.525,12.3022,11.9791,261.6804,0.78807029,-0.003975,1,53
912,319.357,335.976,310.885,328.304,7,19,S17,7,111,1006,443.0615,445.0156,313.967,310.8946,328.2217,132.787,12.2446,11.8125,501.7745,0.79034434,-0.00034246,1,52
913,183.618,196.911,175.674,188.756,7,20,S18,7,112,1007,449.0353,450.7778,313.967,175.6903,188.6795,131.959,12.2623,11.9003,307.4526,0.78582106,-0.00452328,1,51
914,216.163,229.066,207.991,221.123,7,21,S19,7,109,1004,443.4086,444.6557,313.967,208.0048,221.0439,132.263,12.2329,11.846,353.2025,0.78498551,-0.00513747,1,50
915,351.396,368.6,343.211,360.65,7,22,S20,7,110,1005,449.3825,450.4179,313.967,343.2193,360.5662,132.888,12.2271,11.7853,547.4997,0.7906868,0.00570129,1,49
916,248.621,261.293,240.311,253.478,7,23,S21,7,107,1002,443.7557,444.2958,313.967,240.3226,253.3977,132.477,12.2102,11.8044,398.9418,0.78462338,-0.00603354,1,48
917,383.797,400.87,375.536,392.991,7,24,S22,7,108,1003,449.7296,450.0581,313.967,375.5445,392.9075,132.971,12.2122,11.7634,593.228,0.79012298,0.0054996,1,47
918,280.693,293.887,272.632,285.827,7,25,S23,7,105,1000,444.1029,443.936,313.967,272.6424,285.7448,132.635,12.1921,11.7717,444.6674,0.78553313,-0.00058149,1,46
919,413.653,431.492,407.862,425.331,7,26,S24,7,106,1001,450.0767,449.6982,313.967,407.8694,425.2461,133.032,12.1994,11.7443,635.9945,0.79065692,0.00512379,1,45
920,144.742,155.033,137.442,146.273,7,27,S25,7,103,998,444.45,443.5761,313.967,137.4616,146.2005,131.384,12.1606,11.8435,250.3589,0.77743865,-0.00758346,1,44
921,312.818,326.424,304.954,318.17,7,28,S26,7,104,999,450.4238,449.3383,313.967,304.9635,318.0873,132.768,12.1781,11.7459,490.3905,0.78611462,0.00867597,1,43
922,177.51,186.967,169.746,178.643,7,29,S27,7,101,996,444.7971,443.2162,313.967,169.7623,178.5664,131.876,12.1448,11.7869,296.1134,0.77667693,-0.00823011,1,42
923,345.548,358.372,337.277,350.51,7,30,S28,7,102,997,450.7709,448.9785,313.967,337.2855,350.4262,132.862,12.1653,11.724,536.1246,0.78502211,0.00834518,1,41
924,410.04,423.2,401.924,415.182,7,31,S29,7,99,994,445.1442,442.8564,313.967,401.9309,415.0976,133.014,12.1472,11.6913,627.5676,0.78545549,0.0085301,1,40
925,377.939,390.644,369.6,382.847,7,32,S30,7,100,995,451.1181,448.6186,313.967,369.6077,382.763,132.948,12.156,11.7056,581.8483,0.78490704,-0.00054845,1,39
926,242.547,251.285,234.373,243.345,7,33,S31,7,97,992,445.4913,442.4965,313.967,234.3851,243.2643,132.43,12.1223,11.7157,387.5823,0.77742338,-0.00053967,1,38
927,210.073,219.086,202.058,210.998,7,34,S32,7,98,993,451.4652,448.2587,313.967,202.071,210.9196,132.198,12.1327,11.7462,341.8515,0.77692539,-0.00049799,1,37
928,307.475,315.687,299.011,308.024,7,37,S33,7,95,990,446.1856,441.7768,313.967,299.0199,307.9414,132.732,12.1067,11.6737,479.0326,0.77816939,-0.00117823,1,34
929,274.973,283.526,266.691,275.686,7,38,S34,7,96,991,452.1594,447.539,313.967,266.7015,275.6044,132.6,12.1132,11.6927,433.3084,0.77796305,-0.00020634,1,33
930,371.756,380.718,363.653,372.693,7,39,S35,7,93,988,446.5327,441.4169,313.967,363.6607,372.6084,132.928,12.0962,11.6465,570.465,0.78025767,-0.00020928,1,32
931,339.6,348.219,331.332,340.359,7,40,S36,7,94,989,452.5066,447.1791,313.967,331.34,340.2759,132.842,12.1015,11.6587,524.7491,0.77934762,-0.00091005,1,31
932,113.291,121.807,105.153,113.876,7,41,S37,7,91,986,446.8798,441.057,313.967,105.1788,113.8092,130.562,12.1782,11.93,204.6431,0.7695268,-0.00323636,1,30
933,404.16,412.972,395.975,405.025,7,42,S38,7,92,987,452.8537,446.8192,313.967,395.9823,404.9401,133.005,12.0923,11.6356,616.1851,0.78046695,0.01094015,1,29
934,268.25,274.13,260.736,265.532,7,43,S39,7,89,984,447.227,440.6971,313.967,260.7457,265.4504,132.567,12.0301,11.6081,421.9295,0.77328266,-0.00040885,1,28
935,235.667,242.054,228.419,233.196,7,44,S40,7,90,985,453.2008,446.4594,313.967,228.4301,233.1162,132.375,12.0262,11.6208,376.2078,0.77276316,-0.0005195,1,27
936,333.295,338.399,325.374,330.197,7,45,S41,7,87,982,447.5741,440.3373,313.967,325.3821,330.1138,132.823,12.0335,11.59,513.3686,0.77437179,-0.00046027,1,26
937,300.836,306.203,293.054,297.865,7,46,S42,7,88,983,453.5479,446.0995,313.967,293.0628,297.7832,132.702,12.0318,11.598,467.6514,0.77369151,-0.00068028,1,25
938,398.2,402.804,390.016,394.857,7,47,S43,7,85,980,447.9212,439.9774,313.967,390.0229,394.7728,132.981,12.0346,11.5765,604.8032,0.77545422,0.00518993,1,24
939,365.797,370.552,357.695,362.528,7,48,S44,7,86,981,453.895,445.7396,313.967,357.7018,362.4439,132.907,12.0344,11.5826,559.0866,0.77483206,-0.00062216,1,23
940,171.561,176.834,163.796,168.511,7,49,S45,7,83,978,448.2683,439.6175,313.967,163.8118,168.4349,131.774,12.0143,11.6596,284.7844,0.76594019,0.00785228,1,22
941,203.512,209.548,196.105,200.856,7,50,S46,7,84,979,454.2422,445.3798,313.967,196.1183,200.7781,132.122,12.0214,11.6369,330.4934,0.77026429,0.0043241,1,21
942,107.993,111.048,99.213,103.776,7,51,S47,7,81,976,448.6154,439.2577,313.967,99.2391,103.7111,130.266,11.969,11.7394,193.3941,0.74862899,-0.01957067,1,20
943,139.924,143.8,131.496,136.154,7,52,S48,7,82,977,454.5893,445.0199,313.967,131.5152,136.0824,131.22,11.9991,11.691,239.0903,0.75808791,0.00945892,1,19
944,359.826,360.375,351.725,352.351,7,53,S49,7,79,974,448.9626,438.8978,313.967,351.7315,352.2677,132.888,11.9692,11.5158,547.709,0.769182,-0.00089178,1,18
945,327.325,328.225,319.403,320.023,7,54,S50,7,80,975,454.9364,444.66,313.967,319.4108,319.9399,132.789,11.9614,11.517,501.9961,0.76819966,-0.00098234,1,17
946,422.177,422.843,416.369,417.007,7,55,S51,7,77,972,449.3097,438.5379,313.967,416.3749,416.9217,133.033,11.9805,11.5161,635.9582,0.77156251,0.0056082,1,16
947,392.302,392.551,384.046,384.679,7,56,S52,7,78,973,455.2835,444.3002,313.967,384.0529,384.595,132.97,11.9763,11.5166,593.4225,0.77007378,-0.00148873,1,15
948,263.04,263.196,254.763,255.363,7,57,S53,7,75,970,449.6568,438.1781,313.967,254.7728,255.2822,132.524,11.9394,11.518,410.5852,0.76308854,0.00433171,1,14
949,295.165,295.728,287.083,287.694,7,58,S54,7,76,971,455.6307,443.9403,313.967,287.0912,287.6116,132.673,11.9515,11.5175,456.2887,0.76595431,0.00286577,1,13
950,198.745,198.168,190.131,190.696,7,59,S55,7,73,968,450.0039,437.8182,313.967,190.1435,190.6187,132.052,11.9283,11.5192,319.1846,0.75507391,0.0048133,1,12
951,231.105,230.468,222.446,223.031,7,60,S56,7,74,969,455.9778,443.5804,313.967,222.4566,222.9514,132.317,11.9231,11.5183,364.8889,0.75875683,0.00368292,1,11
952,133.937,133.646,125.517,126.011,7,61,S57,7,71,966,450.3511,437.4583,313.967,125.5366,125.9396,131.038,11.9602,11.5321,227.7849,0.7437885,-0.02255276,1,10
953,166.364,165.886,157.82,158.357,7,62,S58,7,72,967,456.3249,443.2205,313.967,157.8354,158.2824,131.655,11.9419,11.5237,273.483,0.75026061,0.00647211,1,9
954,386.319,382.36,378.065,374.491,7,63,S59,7,69,964,450.6982,437.0984,313.967,378.0705,374.4065,132.953,11.9131,11.4527,582.0413,0.76466106,0.00220523,1,8
955,418.571,414.763,410.388,406.817,7,64,S60,7,70,965,456.672,442.8607,313.967,410.3936,406.7325,133.016,11.9229,11.4569,627.7481,0.76634126,0.0016802,1,7
956,322.021,317.341,313.418,309.836,7,65,S61,7,67,962,451.0453,436.7386,313.967,313.4251,309.7532,132.762,11.8976,11.44,490.6365,0.75975761,0.02952209,1,6
957,354.156,349.865,345.741,342.164,7,66,S62,7,68,963,457.0191,442.5008,313.967,345.7475,342.0799,132.869,11.8998,11.4464,536.3372,0.76245583,0.00269822,1,5
958,290.051,284.644,281.095,277.508,7,67,S63,7,65,960,451.3924,436.3787,313.967,281.1032,277.4257,132.64,11.9047,11.434,444.9414,0.75596785,0.00291126,1,4
959,101.989,100.898,93.231,93.647,7,68,S64,7,66,961,457.3663,442.1409,313.967,93.2579,93.5836,129.907,11.9821,11.5504,182.1178,0.73023552,-0.02573233,1,3
960,225.265,220.111,216.452,212.848,7,73,S65,7,63,958,452.4338,435.2991,313.967,216.4622,212.7688,132.265,11.9215,11.4213,353.5423,0.74886264,-0.01164629,0,68
961,257.593,252.445,248.773,245.179,7,74,S66,7,64,959,458.4076,441.0613,313.967,248.782,245.0978,132.482,11.9124,11.4275,399.2381,0.75305659,0.00419395,0,67
962,380.401,372.079,372.07,364.29,7,75,S67,7,61,956,452.7809,434.9392,313.967,372.0752,364.2063,132.927,11.8904,11.3891,570.6629,0.7588398,0.01542102,0,66
963,412.858,404.274,404.396,396.617,7,76,S68,7,62,957,458.7548,440.7015,313.967,404.401,396.5327,133.004,11.8875,11.3961,616.3685,0.76050893,0.00166913,0,65
964,348.247,339.569,339.743,331.963,7,77,S69,7,59,954,453.128,434.5794,313.967,339.7495,331.8796,132.841,11.8955,11.3805,524.9634,0.75604748,0.00235991,0,64
965,192.936,187.774,184.131,180.516,7,78,S70,7,60,955,459.1019,440.3416,313.967,184.144,180.4386,131.961,11.9328,11.4161,307.8518,0.74341878,-0.0126287,0,63
966,160.605,155.431,151.813,148.18,7,79,S71,7,57,952,453.4752,434.2195,313.967,151.8287,148.1055,131.53,11.9483,11.4117,262.1681,0.73606583,-0.01452443,0,62
967,315.771,307.391,307.417,299.635,7,80,S72,7,58,953,459.449,439.9817,313.967,307.4236,299.5522,132.73,11.8998,11.3734,479.261,0.75368757,0.01762174,0,61
968,406.645,394.275,398.391,386.406,7,81,S73,7,55,950,453.8223,433.8596,313.967,398.3955,386.3219,132.983,11.888,11.3476,604.9823,0.75561361,0.00874846,0,60
969,283.366,275.137,275.09,267.306,7,82,S74,7,56,951,459.7961,439.6218,313.967,275.0972,267.2248,132.606,11.907,11.3669,433.5619,0.75059026,-0.00502335,0,59
970,374.475,361.777,366.061,354.078,7,83,S75,7,53,948,454.1694,433.4997,313.967,366.0661,353.994,132.913,11.8924,11.3407,559.2846,0.75276427,0.03056887,0,58
971,250.933,242.911,242.762,234.977,7,84,S76,7,54,949,460.1432,439.262,313.967,242.7708,234.8961,132.432,11.915,11.3592,387.8663,0.74686515,-0.00589912,0,57
972,341.993,329.602,333.731,321.749,7,85,S77,7,51,946,454.5165,433.1399,313.967,333.7365,321.6654,132.815,11.8962,11.338,513.584,0.75028216,0.01045225,0,56
973,128.775,122.544,119.499,115.838,7,86,S78,7,52,947,460.4904,438.9021,313.967,119.5193,115.7681,130.816,11.9679,11.4067,216.5197,0.7221954,-0.02808676,0,55
974,430.408,414.492,424.706,408.513,7,87,S79,7,49,944,454.8636,432.78,313.967,424.7098,408.4278,133.037,11.8854,11.3391,636.1437,0.75312963,0.00687113,0,54
975,219.043,210.108,210.433,202.646,7,88,S80,7,50,945,460.8375,438.5422,313.967,210.4437,202.5664,132.189,11.9237,11.3628,342.1888,0.73982991,-0.01329972,0,53
976,186.645,177.832,178.103,170.312,7,89,S81,7,47,942,455.2108,432.4201,313.967,178.1156,170.2351,131.876,11.9368,11.3949,296.5076,0.73309478,-0.01623516,0,52
977,309.851,297.068,301.399,289.419,7,90,S82,7,48,943,461.1846,438.1824,313.967,301.4049,289.3368,132.704,11.9021,11.3559,467.8929,0.7462585,0.01316372,0,51
978,277.578,264.665,269.065,257.088,7,91,S83,7,45,940,455.5579,432.0603,313.967,269.0722,257.0067,132.561,11.9081,11.3768,422.2028,0.74180241,-0.00485742,0,50
979,400.913,383.75,392.373,376.183,7,92,S84,7,46,941,461.5317,437.8225,313.967,392.3769,376.0985,132.966,11.8885,11.3512,593.6046,0.74932994,0.00752753,0,49
980,245.027,232.553,236.729,224.756,7,93,S85,7,43,938,455.905,431.7004,313.967,236.737,224.6754,132.379,11.917,11.4085,376.5129,0.73733349,-0.00596875,0,48
981,368.45,351.55,360.038,343.852,7,94,S86,7,44,939,461.8788,437.4626,313.967,360.0429,343.7682,132.883,11.8923,11.3693,547.9059,0.74665983,0.00932634,0,47
982,427.062,406.014,418.679,398.28,7,95,S87,7,41,936,456.2521,431.3405,313.967,418.6826,398.1952,133.022,11.8866,11.3847,627.9164,0.74692378,0.02483791,0,46
983,336.055,319.275,327.701,311.521,7,96,S88,7,42,937,462.226,437.1028,313.967,327.7066,311.4373,132.794,11.8976,11.3917,502.2112,0.74330224,-0.00362154,0,45
984,303.64,287.018,295.362,279.187,7,97,S89,7,39,934,456.5993,430.9807,313.967,295.3682,279.1048,132.675,11.903,11.4217,456.5206,0.7393312,-0.00470488,0,44
985,154.551,145.215,145.771,137.975,7,98,S90,7,40,935,462.5731,436.7429,313.967,145.7859,137.9012,131.381,11.9521,11.4433,250.8471,0.72208587,-0.01724533,0,43
986,212.727,200.165,204.388,192.421,7,99,S91,7,37,932,456.9464,430.6208,313.967,204.3983,192.3423,132.125,11.9261,11.4495,330.8351,0.7305027,0.0180326,0,42
987,394.671,373.733,386.34,365.947,7,100,S92,7,38,933,462.9202,436.383,313.967,386.344,365.8629,132.941,11.889,11.4068,582.2196,0.74403608,0.01353338,0,41
988,362.596,341.109,353.999,333.613,7,101,S93,7,35,930,457.2935,430.2609,313.967,354.0033,333.5292,132.866,11.8937,11.4348,536.5306,0.73978727,0.0069109,0,40
989,121.574,113.541,113.433,105.631,7,102,S94,7,36,931,463.2673,436.0231,313.967,113.4529,105.5629,130.566,11.9713,11.5254,205.1748,0.7124701,-0.02731717,0,39
990,421.096,395.687,412.638,388.035,7,103,S95,7,33,928,457.6406,429.901,313.967,412.6411,387.9505,132.994,11.9094,11.4481,616.5327,0.74120701,0.02556433,0,38
991,271.668,254.275,263.019,246.852,7,104,S96,7,34,929,463.6145,435.6633,313.967,263.0254,246.771,132.519,11.9092,11.4585,410.8424,0.73287637,-0.00833064,0,37
992,330.468,308.532,321.654,301.277,7,107,S97,7,31,926,458.3349,429.1813,313.967,321.659,301.1937,132.766,11.9117,11.4706,490.8452,0.73489103,-0.00290005,0,34
993,181.542,166.539,172.042,160.083,7,108,S98,7,32,927,464.3087,434.9435,313.967,172.0539,160.0065,131.774,11.9389,11.5109,285.202,0.71564268,-0.01924835,0,33
994,240.099,221.075,230.67,214.514,7,109,S99,7,29,924,458.682,428.8214,313.967,230.6778,214.4343,132.33,11.9177,11.5105,365.1848,0.72313863,0.02434378,0,32
995,388.704,363.395,380.292,355.698,7,110,S100,7,30,925,464.6558,434.5837,313.967,380.2959,355.614,132.924,11.933,11.4789,570.8391,0.73779108,0.01465245,0,31
996,298.708,275.543,289.305,268.938,7,111,S101,7,27,922,459.0291,428.4616,313.967,289.3102,268.8563,132.638,11.941,11.5129,445.1743,0.72774908,-0.00477271,0,30
997,97.166,89.368,89.389,81.127,7,112,S102,7,28,923,465.0029,434.2238,313.967,89.407,81.0572,144.008,13.328,11.6963,170.918,0.69879485,-0.02895423,0,29
998,415.119,385.34,406.582,377.778,7,113,S103,7,25,920,459.3762,428.1017,313.967,406.5853,377.6929,132.986,11.975,11.5173,605.1483,0.73526303,0.02389913,0,28
999,356.757,330.614,347.942,323.359,7,114,S104,7,26,921,465.3501,433.8639,313.967,347.9464,323.2753,132.851,11.9616,11.5154,525.1567,0.73252179,-0.00274124,0,27
1000,266.663,242.84,256.949,236.597,7,115,S105,7,23,918,459.7233,427.7418,313.967,256.9548,236.5156,132.476,11.9783,11.5673,399.5055,0.71998332,-0.00654138,0,26
1001,208.349,188.033,198.313,182.172,7,116,S106,7,24,919,465.6972,433.5041,313.967,198.3224,182.0939,132.053,11.9537,11.5787,319.5377,0.7113639,-0.00861942,0,25
1002,383.272,352.438,374.228,345.435,7,117,S107,7,21,916,460.0705,427.382,313.967,374.2311,345.3511,132.914,12.0043,11.5545,559.4671,0.72983014,-0.00422651,0,24
1003,324.712,297.923,315.587,291.017,7,118,S108,7,22,917,466.0443,433.1442,313.967,315.5916,290.9342,132.73,11.9938,11.5597,479.4781,0.7265247,-0.00330544,0,23
1004,149.685,133.589,139.685,127.739,7,119,S109,7,19,914,460.4176,427.0221,313.967,139.7,127.6659,131.214,11.9528,11.6007,239.5747,0.69909187,-0.02060986,0,22
1005,438.932,405.842,432.869,399.852,7,120,S110,7,20,915,466.3914,432.7843,313.967,432.8718,399.7672,133.038,12.0114,11.55,636.5622,0.73405665,0.03496478,0,21
1006,351.18,319.787,341.868,313.089,7,121,S111,7,17,912,460.7647,426.6622,313.967,341.8713,313.0059,132.815,12.0387,11.5988,513.7879,0.72411322,-0.00357902,0,20
1007,292.529,265.363,283.225,258.671,7,122,S112,7,18,913,466.7386,432.4244,313.967,283.2301,258.5889,132.599,12.0346,11.6134,433.803,0.71970173,-0.00441149,0,19
1008,234.619,210.104,224.583,204.25,7,123,S113,7,15,910,461.1118,426.3023,313.967,224.5906,204.1701,132.266,12.027,11.6361,353.8462,0.71014116,0.00815672,0,18
1009,409.686,374.365,400.511,367.506,7,124,S114,7,16,911,467.0857,432.0646,313.967,400.5135,367.4218,132.964,12.0414,11.5879,593.7741,0.72769224,0.01755108,0,17
1010,377.673,341.614,368.146,335.157,7,125,S115,7,13,908,461.459,425.9425,313.967,368.1488,335.0731,132.888,12.0764,11.6329,548.0945,0.72192285,-0.00383067,0,16
1011,175.422,156.262,165.942,149.824,7,126,S116,7,14,909,467.4328,431.7047,313.967,165.9541,149.7485,131.657,12.0118,11.6742,273.8662,0.70198444,-0.01993841,0,15
1012,319.212,286.976,309.5,280.739,7,127,S117,7,11,906,461.8061,425.5826,313.967,309.5035,280.6567,132.706,12.0802,11.6525,468.117,0.71684913,0.00772461,0,14
1013,436.11,396.272,426.792,389.574,7,128,S118,7,12,907,467.7799,431.3448,313.967,426.7936,389.489,133.018,12.0742,11.6178,628.0778,0.72575352,0.00890439,0,13
1014,201.294,178.781,192.203,171.897,7,129,S119,7,9,904,462.1532,425.2227,313.967,192.2115,171.8187,131.966,12.0894,11.7272,308.1628,0.70356875,-0.01485533,0,12
1015,260.888,232.169,250.852,226.32,7,130,S120,7,10,905,468.127,430.985,313.967,250.8581,226.2388,132.431,12.0854,11.6815,388.1505,0.70912452,0.00555577,0,11
1016,345.824,308.656,335.773,302.803,7,131,S121,7,7,902,462.5003,424.8629,313.967,335.7762,302.7198,132.79,12.1193,11.6852,502.4246,0.71457952,0.00778589,0,10
1017,404.772,362.759,394.423,357.221,7,132,S122,7,8,903,468.4742,430.6251,313.967,394.4246,357.1366,132.951,12.1107,11.6621,582.4101,0.71842408,0.00384456,0,9
1018,371.808,331.036,362.045,324.863,7,133,S123,7,5,900,462.8474,424.503,313.967,362.0475,324.7793,132.871,12.1528,11.7136,536.7177,0.71435192,-0.00155669,0,8
1019,287.569,253.764,277.121,248.384,7,134,S124,7,6,901,468.8213,430.2652,313.967,277.1253,248.3018,132.558,12.131,11.7184,422.4627,0.70679363,-0.00755829,0,7
1020,312.685,277.126,303.389,270.443,7,135,S125,7,3,898,463.1946,424.1431,313.967,303.3924,270.3604,132.674,12.1708,11.7495,456.7357,0.70997991,-0.00492478,0,6
1021,431.621,384.172,420.698,379.282,7,136,S126,7,4,899,469.1684,429.9054,313.967,420.6994,379.197,132.999,12.1399,11.687,616.7192,0.71590861,0.0059287,0,5
1022,422.635,377.087,414.587,368.975,7,137,S127,7,1,896,463.5417,423.7833,313.967,414.5879,368.8906,132.99,12.207,11.7597,605.2896,0.71682045,0.0,0,4
1023,397.507,353.738,388.316,346.92,7,138,S128,7,2,897,469.5155,429.5455,313.967,388.3181,346.8361,132.933,12.1821,11.7384,571.0066,0.71490469,-0.00191576,0,3
1024,354.11,471.015,347.687,461.555,8,3,S1,8,127,1150,394.4802,488.717,319.558,347.7045,461.4715,133.022,12.4234,11.9795,626.1459,0.90288498,-0.00033657,1,68
1025,360.556,477.169,353.454,471.5167,8,4,S2,8,128,1151,399.8642,495.0338,319.558,353.4714,471.4335,133.035,12.4487,12.0058,634.971,0.90091733,-0.00196765,1,67
1026,348.666,460.801,341.918,451.59,8,5,S3,8,125,1148,394.8607,488.3926,319.558,341.9353,451.5069,133.002,12.3957,11.9534,614.7584,0.89954734,-0.00068973,1,66
1027,304.397,408.293,297.806,398.965,8,6,S4,8,126,1149,400.2448,494.7094,319.558,297.8245,398.8835,132.896,12.4577,12.0259,546.1122,0.90322155,0.00367421,1,65
1028,243.115,325.679,236.398,316.45,8,7,S5,8,123,1146,395.2413,488.0683,319.558,236.4185,316.3708,132.638,12.4311,12.0196,443.3049,0.89641212,0.00036222,1,64
1029,298.598,398.359,292.04,389.006,8,8,S6,8,124,1147,400.6253,494.3851,319.558,292.0584,388.924,132.866,12.4269,11.9955,534.7231,0.90023707,0.00382495,1,63
1030,343.551,450.327,336.147,441.623,8,9,S7,8,121,1144,395.6218,487.7439,319.558,336.1637,441.5398,132.989,12.3673,11.9251,603.3807,0.89538879,0.00267886,1,62
1031,293.242,388.08,286.271,379.043,8,10,S8,8,122,1145,401.0058,494.0608,319.558,286.2897,378.9617,132.844,12.3939,11.9648,523.346,0.8960499,0.00066111,1,61
1032,287.424,378.149,280.5,369.078,8,11,S9,8,119,1142,396.0023,487.4196,319.558,280.5182,368.9962,132.821,12.3607,11.9312,511.9594,0.89280586,-0.00039415,1,60
1033,237.256,315.789,230.63,306.491,8,12,S10,8,120,1143,401.3864,493.7364,319.558,230.6506,306.4111,132.599,12.3918,11.9815,431.9244,0.89270993,-9.593e-05,1,59
1034,181.918,242.995,175.001,233.928,8,13,S11,8,117,1140,396.3829,487.0953,319.558,175.024,233.8511,132.199,12.3848,12.008,340.5303,0.88516829,-0.00181528,1,58
1035,337.435,440.62,330.373,431.652,8,14,S12,8,118,1141,401.7669,493.4121,319.558,330.39,431.5697,132.973,12.3388,11.8947,591.9824,0.89320001,0.00803172,1,57
1036,282.028,367.885,274.725,359.109,8,15,S13,8,115,1138,396.7634,486.7709,319.558,274.7436,359.0275,132.797,12.3246,11.8961,500.5859,0.8883405,-0.00109819,1,56
1037,232.001,305.426,224.859,296.528,8,16,S14,8,116,1139,402.1474,493.0877,319.558,224.8793,296.4483,132.565,12.3496,11.941,420.5644,0.88698357,-0.00135693,1,55
1038,176.067,233.097,169.23,223.968,8,17,S15,8,113,1136,397.1439,486.4466,319.558,169.2532,223.892,132.131,12.3289,11.9562,329.169,0.87988766,-0.00264672,1,54
1039,331.998,430.38,324.596,421.679,8,18,S16,8,114,1137,402.528,492.7634,319.558,324.6128,421.5969,132.949,12.3066,11.8649,580.6001,0.88943869,0.00955103,1,53
1040,276.249,357.911,268.948,349.136,8,19,S17,8,111,1134,397.5245,486.1222,319.558,268.966,349.0552,132.761,12.2863,11.8595,489.2043,0.88464887,-0.00163736,1,52
1041,226.225,295.457,219.084,286.561,8,20,S18,8,112,1135,402.9085,492.4391,319.558,219.1037,286.4816,132.522,12.3042,11.8969,409.1918,0.88253438,-0.00211449,1,51
1042,170.29,223.131,163.454,214.003,8,21,S19,8,109,1132,397.905,485.7979,319.558,163.477,213.9278,132.052,12.267,11.8985,317.8129,0.87391377,-0.00391845,1,50
1043,326.217,420.402,318.816,411.703,8,22,S20,8,110,1133,403.289,492.1147,319.558,318.8334,411.6205,132.926,12.2743,11.8328,569.2117,0.88628623,0.01237246,1,49
1044,270.467,347.933,263.166,339.16,8,23,S21,8,107,1130,398.2855,485.4736,319.558,263.1845,339.0793,132.737,12.2471,11.8207,477.8248,0.88078096,-0.00222486,1,48
1045,220.445,285.484,213.305,276.589,8,24,S22,8,108,1131,403.6695,491.7904,319.558,213.3245,276.5105,132.48,12.256,11.8504,397.8221,0.87783222,-0.00294874,1,47
1046,367.979,471.032,362.905,464.282,8,25,S23,8,105,1128,398.6661,485.1492,319.558,362.9206,464.1986,133.033,12.2358,11.7823,634.8422,0.88574877,0.02369301,1,46
1047,320.433,410.421,313.034,401.724,8,26,S24,8,106,1129,404.0501,491.4661,319.558,313.0505,401.6412,132.905,12.2405,11.7986,557.825,0.88300582,-0.00274295,1,45
1048,264.305,338.251,257.381,329.18,8,27,S25,8,103,1126,399.0466,484.8249,319.558,257.3991,329.0993,132.706,12.2049,11.7788,466.4374,0.87775651,-0.00252681,1,44
1049,121.118,159.987,113.632,151.383,8,28,S26,8,104,1127,404.4306,491.1417,319.558,113.6608,151.3138,131.22,12.2804,11.9809,237.8477,0.86205576,-0.01570075,1,43
1050,364.379,463.106,357.118,454.297,8,29,S27,8,101,1124,399.4271,484.5006,319.558,357.1341,454.2133,133.015,12.2049,11.7511,626.4306,0.8821936,0.00933685,1,42
1051,314.35,400.674,307.248,391.74,8,30,S28,8,102,1125,404.8111,490.8174,319.558,307.2644,391.6581,132.889,12.205,11.7635,546.4343,0.88028332,-0.00191028,1,41
1052,165.3,212.528,157.673,204.033,8,31,S29,8,99,1122,399.8076,484.1762,319.558,157.6958,203.9583,131.967,12.1989,11.8349,306.4937,0.86419479,0.01139947,1,40
1053,214.66,275.507,207.521,266.613,8,32,S30,8,100,1123,405.1917,490.493,319.558,207.5405,266.5347,132.427,12.2039,11.801,386.4555,0.87285675,0.00866196,1,39
1054,358.632,453.082,351.329,444.308,8,33,S31,8,97,1120,400.1882,483.8519,319.558,351.3443,444.2245,133.001,12.1734,11.7197,615.0417,0.87905173,0.00315317,1,38
1055,115.336,150.02,107.857,141.422,8,34,S32,8,98,1121,405.5722,490.1687,319.558,107.8857,141.3539,131.036,12.1836,11.8957,226.5273,0.85279532,-0.02625641,1,37
1056,259.305,327.631,251.592,319.196,8,37,S33,8,95,1118,400.9492,483.2032,319.558,251.6096,319.1149,132.673,12.1604,11.7347,455.0824,0.87129972,0.00595465,1,34
1057,308.909,390.405,301.458,381.753,8,38,S34,8,96,1119,406.3333,489.52,319.558,301.4749,381.6711,132.87,12.1675,11.7261,535.0573,0.87589856,0.00459884,1,33
1058,159.508,202.547,151.885,194.057,8,39,S35,8,93,1116,401.3298,482.8789,319.558,151.9078,193.9826,131.88,12.1257,11.7672,295.1493,0.85716455,-0.01805411,1,32
1059,209.523,264.998,201.732,256.632,8,40,S36,8,94,1117,406.7138,489.1957,319.558,201.7515,256.5535,132.382,12.148,11.747,375.1131,0.86534507,0.00818052,1,31
1060,303.173,380.365,295.665,371.762,8,41,S37,8,91,1114,401.7103,482.5545,319.558,295.6812,371.6804,132.84,12.1284,11.6874,523.6765,0.87203595,0.03118318,1,30
1061,353.15,442.836,345.536,434.316,8,42,S38,8,92,1115,407.0943,488.8713,319.558,345.5515,434.2324,132.983,12.1389,11.6861,603.6585,0.87521866,0.00318271,1,29
1062,253.683,317.497,245.798,309.206,8,43,S39,8,89,1112,402.0908,482.2302,319.558,245.8155,309.1257,132.634,12.1122,11.6883,443.7142,0.86629009,-0.00620193,1,28
1063,109.831,139.811,102.072,131.452,8,44,S40,8,90,1113,407.4749,488.547,319.558,102.1017,131.3862,130.816,12.0719,11.7994,215.2324,0.84085277,-0.02543732,1,27
1064,203.724,255.007,195.937,246.645,8,45,S41,8,87,1110,402.4714,481.9058,319.558,195.9565,246.5672,132.323,12.0876,11.6893,363.7527,0.85967347,-0.00831697,1,26
1065,347.088,433.054,339.739,424.319,8,46,S42,8,88,1111,407.8554,488.2227,319.558,339.7548,424.2364,132.967,12.1044,11.6512,592.2665,0.87249202,0.01281855,1,25
1066,153.864,192.43,146.089,184.073,8,47,S43,8,85,1108,402.8519,481.5815,319.558,146.1118,183.9998,131.775,12.0439,11.6909,283.8162,0.84886465,-0.01380701,1,24
1067,297.437,370.316,289.868,361.767,8,48,S44,8,86,1109,408.2359,487.8983,319.558,289.8838,361.6849,132.817,12.0863,11.6455,512.297,0.86799044,0.01912579,1,23
1068,341.608,422.789,333.939,414.319,8,49,S45,8,83,1106,403.2324,481.2572,319.558,333.9549,414.2361,132.948,12.0675,11.614,580.886,0.86835651,0.01291078,1,22
1069,247.502,307.81,239.999,299.212,8,50,S46,8,84,1107,408.6165,487.574,319.558,240.0165,299.1316,132.601,12.0617,11.6382,432.333,0.86267166,-0.00568485,1,21
1070,291.702,360.258,284.066,351.767,8,51,S47,8,81,1104,403.613,480.9328,319.558,284.0819,351.6849,132.786,12.0426,11.6022,500.92,0.863748,0.03434175,1,20
1071,197.427,245.415,190.135,236.652,8,52,S48,8,82,1105,408.997,487.2496,319.558,190.1551,236.5744,132.264,12.0234,11.6278,352.3787,0.85544573,-0.00830227,1,19
1072,241.695,297.808,234.194,289.212,8,53,S49,8,79,1102,403.9935,480.6085,319.558,234.2118,289.1318,132.565,12.0088,11.5858,420.9639,0.85769614,-0.00694934,1,18
1073,104.025,129.822,96.276,121.474,8,54,S50,8,80,1103,409.3775,486.9253,319.558,96.3066,121.4088,130.569,11.9655,11.6886,203.9302,0.82940625,-0.02828989,1,17
1074,148.244,182.273,140.284,174.082,8,55,S51,8,77,1100,404.374,480.2841,319.558,140.3078,174.0087,131.659,11.9533,11.6061,272.4906,0.83971145,-0.02690928,1,16
1075,335.864,412.732,328.135,404.315,8,56,S52,8,78,1101,409.7581,486.601,319.558,328.1507,404.232,132.933,12.0292,11.5758,569.5026,0.86464548,0.02493403,1,15
1076,285.894,350.251,278.259,341.762,8,57,S53,8,75,1098,404.7546,479.9598,319.558,278.275,341.68,132.756,11.9967,11.5567,489.5435,0.85948943,0.01275673,1,14
1077,377.338,463.294,372.207,456.858,8,58,S54,8,76,1099,410.1386,486.2766,319.558,372.2214,456.7746,133.042,12.0178,11.5544,634.8876,0.86662073,0.0071313,1,13
1078,329.833,402.905,322.327,394.306,8,59,S55,8,73,1096,405.1351,479.6355,319.558,322.342,394.2232,132.909,11.9886,11.5356,558.1149,0.86144173,-0.00167253,1,12
1079,192.229,234.902,184.327,226.652,8,60,S56,8,74,1097,410.5191,485.9523,319.558,184.3467,226.5744,132.196,11.9524,11.559,341.0465,0.8467327,-0.01470903,1,11
1080,235.967,287.729,228.384,279.205,8,61,S57,8,71,1094,405.5156,479.3111,319.558,228.4011,279.1257,132.513,11.95,11.5296,409.5999,0.85217561,-0.00376685,1,10
1081,373.7,455.617,366.398,446.846,8,62,S58,8,72,1095,410.8996,485.628,319.558,366.4118,446.7627,133.018,11.9818,11.5194,626.6852,0.86311426,0.01093865,1,9
1082,141.481,173.064,134.469,164.081,8,63,S59,8,69,1092,405.8962,478.9868,319.558,134.4927,164.0088,131.526,11.9454,11.5207,261.1218,0.83544552,-0.0221327,1,8
1083,279.745,340.518,272.447,331.751,8,64,S60,8,70,1093,411.2802,485.3036,319.558,272.4626,331.6697,132.731,11.9477,11.5088,478.1594,0.85594246,0.02049694,1,7
1084,368.141,445.387,360.584,436.83,8,65,S61,8,67,1090,406.2767,478.6624,319.558,360.5982,436.7464,133.005,11.945,11.4814,615.3028,0.85917125,0.01728911,1,6
1085,324.019,392.889,316.514,384.292,8,66,S62,8,68,1091,411.6607,484.9793,319.558,316.5291,384.2094,132.891,11.9465,11.4931,546.7321,0.85757822,-0.00159303,1,5
1086,230.148,277.713,222.566,269.193,8,67,S63,8,65,1088,406.6572,478.3381,319.558,222.5837,269.1131,132.479,11.9114,11.4697,398.2359,0.84661617,-0.00352901,1,4
1087,185.894,225.324,178.51,216.644,8,68,S64,8,66,1089,412.0412,484.6549,319.558,178.5301,216.5668,132.128,11.9253,11.4894,329.6788,0.84188214,-0.00473403,1,3
1088,318.2,382.869,310.697,374.273,8,73,S65,8,63,1086,407.7988,477.3651,319.558,310.7113,374.1905,132.865,11.9015,11.4483,535.3515,0.8535526,-0.00196408,0,68
1089,274.335,330.157,266.63,321.735,8,74,S66,8,64,1087,413.1828,483.6819,319.558,266.6451,321.6537,132.707,11.9015,11.4579,466.7965,0.85014518,-0.00340742,0,67
1090,98.623,119.465,90.466,111.484,8,75,S67,8,61,1084,408.1793,477.0408,319.558,90.4979,111.4206,130.262,11.9754,11.5762,192.6671,0.81378238,-0.02865023,0,66
1091,362.374,435.32,354.766,426.809,8,76,S68,8,62,1085,413.5634,483.3576,319.558,354.78,426.7254,132.986,11.9053,11.4413,603.9168,0.85551668,0.0417343,0,65
1092,268.165,320.426,260.806,311.712,8,77,S69,8,59,1082,408.5599,476.7164,319.558,260.8214,311.6312,132.67,11.9033,11.4089,455.4169,0.84622515,-0.0031252,0,64
1093,223.822,268.118,216.742,259.173,8,78,S70,8,60,1083,413.9439,483.0332,319.558,216.7588,259.0934,132.427,11.9138,11.4153,386.8611,0.84243261,-0.00379254,0,63
1094,356.607,425.245,348.944,416.783,8,79,S71,8,57,1080,408.9404,476.3921,319.558,348.9571,416.7,132.969,11.8886,11.4016,592.5332,0.85171282,0.01713597,0,62
1095,312.377,372.843,304.874,364.249,8,80,S72,8,58,1081,414.3244,482.7089,319.558,304.8877,364.1664,132.84,11.8941,11.4047,523.9728,0.84935035,-0.00236247,0,61
1096,136.82,162.043,128.642,154.07,8,81,S73,8,55,1078,409.3209,476.0677,319.558,128.666,153.9983,131.384,11.9528,11.4451,249.8529,0.81968827,0.02546318,0,60
1097,180.066,215.306,172.685,206.627,8,82,S74,8,56,1079,414.705,482.3846,319.558,172.7042,206.5508,132.05,11.9299,11.4263,318.3331,0.83457685,0.01488858,0,59
1098,306.548,362.812,299.045,354.218,8,83,S75,8,53,1076,409.7015,475.7434,319.558,299.0588,354.1363,132.814,11.8958,11.3672,512.5961,0.84496389,-0.00278473,0,58
1099,93.466,108.84,84.639,101.479,8,84,S76,8,54,1077,415.0855,482.0602,319.558,84.671,101.4187,129.905,11.984,11.4785,181.437,0.79422509,-0.0507388,0,57
1100,262.758,310.03,254.975,301.683,8,85,S77,8,51,1074,410.082,475.4191,319.558,254.9907,301.6019,132.641,11.905,11.3675,444.0578,0.83982516,0.00707803,0,56
1101,350.84,415.16,343.116,406.752,8,86,S78,8,52,1075,415.466,481.7359,319.558,343.1296,406.6688,132.948,11.8893,11.368,581.151,0.84774862,0.00792346,0,55
1102,175.227,204.406,166.848,196.601,8,87,S79,8,49,1072,410.4625,475.0947,319.558,166.868,196.5251,131.968,11.9331,11.3748,307.0294,0.82241649,-0.02574419,0,54
1103,218.984,257.23,210.909,249.145,8,88,S80,8,50,1073,415.8466,481.4115,319.558,210.9259,249.0656,132.371,11.9158,11.3712,375.533,0.83274713,0.01033064,0,53
1104,344.678,405.404,337.283,396.716,8,89,S81,8,47,1070,410.8431,474.7704,319.558,337.2967,396.6323,132.936,11.8919,11.3393,569.7618,0.84452786,0.03948718,0,52
1105,386.375,455.823,381.358,449.248,8,90,S82,8,48,1071,416.2271,481.0872,319.558,381.3703,449.1642,133.039,11.8857,11.3411,635.1525,0.84816068,0.00363282,0,51
1106,301.142,352.402,293.21,344.182,8,91,S83,8,45,1068,411.2236,474.446,319.558,293.224,344.0994,132.792,11.8979,11.3382,501.2299,0.83924528,0.00513211,0,50
1107,131.66,151.396,122.8,144.046,8,92,S84,8,46,1069,416.6076,480.7629,319.558,122.8243,143.9752,131.216,11.9569,11.386,238.5748,0.80504068,-0.0342046,0,49
1108,212.961,247.343,205.067,239.108,8,93,S85,8,43,1066,411.6041,474.1217,319.558,205.0837,239.0293,132.322,11.9196,11.3731,364.1729,0.82671501,-0.01626829,0,48
1109,257.006,299.913,249.137,291.646,8,94,S86,8,44,1067,416.9882,480.4385,319.558,249.1528,291.5657,132.606,11.9077,11.3507,432.6925,0.83411317,0.00739816,0,47
1110,339.165,395.078,331.445,386.673,8,95,S87,8,41,1064,411.9847,473.7974,319.558,331.458,386.59,132.902,11.8917,11.3519,558.3871,0.83962892,0.02391423,0,46
1111,383.369,447.506,375.522,439.206,8,96,S88,8,42,1065,417.3687,480.1142,319.558,375.5341,439.1226,133.012,11.8859,11.34,626.9345,0.8429833,0.00335438,0,45
1112,295.07,342.554,287.368,334.139,8,97,S89,8,39,1062,412.3652,473.473,319.558,287.3819,334.0565,132.761,11.8983,11.3689,489.8497,0.8350393,0.00576293,0,44
1113,168.949,194.733,161.0,186.564,8,98,S90,8,40,1063,417.7492,479.7898,319.558,161.0196,186.4884,131.88,11.9373,11.4065,295.6759,0.81571469,-0.01932461,0,43
1114,377.286,437.666,369.681,429.159,8,99,S91,8,37,1060,412.7457,473.1487,319.558,369.6927,429.0754,132.999,11.8866,11.3689,615.5443,0.83972733,0.04021888,0,42
1115,250.872,290.117,243.291,281.602,8,100,S92,8,38,1061,418.1297,479.4655,319.558,243.3065,281.5213,132.563,11.908,11.3934,421.3205,0.82927637,-0.01045096,0,41
1116,333.385,384.971,325.601,376.625,8,101,S93,8,35,1058,413.1263,472.8243,319.558,325.6133,376.5414,132.891,11.8926,11.3874,547.0094,0.83515689,0.01737367,0,40
1117,124.689,142.332,116.941,134.007,8,102,S94,8,36,1059,418.5103,479.1412,319.558,116.9656,133.9377,131.037,11.9621,11.4699,227.213,0.79950845,-0.03564844,0,39
1118,289.3,332.432,281.519,324.088,8,103,S95,8,33,1056,413.5068,472.5,319.558,281.5332,324.0061,132.742,11.9007,11.4136,478.4801,0.8297811,-0.00591707,0,38
1119,207.592,236.858,199.215,229.061,8,104,S96,8,34,1057,418.8908,478.8168,319.558,199.2311,228.9833,132.268,11.9214,11.428,352.8366,0.81778322,-0.01199788,0,37
1120,163.312,184.47,155.138,176.514,8,107,S97,8,31,1054,414.2678,471.8513,319.558,155.157,176.4397,131.77,11.9391,11.483,284.354,0.80541475,-0.01485198,0,34
1121,371.495,427.563,363.834,419.106,8,108,S98,8,32,1055,419.6519,478.1682,319.558,363.8458,419.0225,132.985,11.8879,11.4067,604.1614,0.83569817,0.03028342,0,33
1122,327.679,374.785,319.749,366.569,8,109,S99,8,29,1052,414.6484,471.527,319.558,319.7621,366.4864,132.864,11.8934,11.4332,535.6348,0.83029349,0.06350461,0,32
1123,245.928,279.25,237.437,271.549,8,110,S100,8,30,1053,420.0324,477.8438,319.558,237.4513,271.4683,132.526,11.9093,11.4484,409.9841,0.82026673,-0.01002676,0,31
1124,365.701,417.45,357.981,409.047,8,111,S101,8,27,1050,415.0289,471.2027,319.558,357.9925,408.9636,132.964,11.9115,11.4521,592.7794,0.83150672,0.00821022,0,30
1125,88.935,97.563,80.241,90.185,8,112,S102,8,28,1051,420.4129,477.5195,319.558,80.2665,90.1177,144.007,13.3314,11.6165,170.2815,0.76678888,-0.06471784,0,29
1126,201.948,226.589,193.351,219.004,8,113,S103,8,25,1048,415.4094,470.8783,319.558,193.3675,218.9264,132.197,11.9227,11.501,341.4968,0.80927846,0.03293896,0,28
1127,283.859,321.998,275.663,314.03,8,114,S104,8,26,1049,420.7935,477.1951,319.558,275.6761,313.9479,132.709,11.9057,11.4692,467.119,0.8232965,0.01401804,0,27
1128,322.322,364.268,313.891,356.507,8,115,S105,8,23,1046,415.79,470.554,319.558,313.9039,356.4241,132.839,11.9338,11.487,524.2671,0.8243018,0.01267909,0,26
1129,120.421,130.763,111.06,123.952,8,116,S106,8,24,1047,421.174,476.8708,319.558,111.0851,123.8835,130.818,11.9634,11.586,216.0008,0.7763395,-0.0479623,0,25
1130,360.513,406.781,352.122,398.982,8,117,S107,8,21,1044,416.1705,470.2296,319.558,352.1332,398.8981,132.954,11.9568,11.5001,581.4097,0.82573671,0.00943612,0,24
1131,240.704,268.596,231.572,261.486,8,118,S108,8,22,1045,421.5545,476.5465,319.558,231.5864,261.406,132.479,11.9321,11.5192,398.6445,0.81162271,-0.014114,0,23
1132,395.734,448.085,390.353,441.455,8,119,S109,8,19,1042,416.551,469.9053,319.558,390.3641,441.3701,133.029,11.9742,11.5111,635.6541,0.82906502,0.04092774,0,22
1133,278.47,311.494,269.797,303.963,8,120,S110,8,20,1043,421.9351,476.2221,319.558,269.8104,303.8815,132.673,11.9622,11.5328,455.7631,0.81630059,-0.01276443,0,21
1134,316.519,354.134,308.026,346.437,8,121,S111,8,17,1040,416.9316,469.581,319.558,308.0376,346.3546,132.818,11.984,11.5429,512.8941,0.81918988,0.01919794,0,20
1135,158.884,173.051,149.259,166.451,8,122,S112,8,18,1041,422.3156,475.8978,319.558,149.2788,166.3766,131.655,11.9402,11.5863,273.0925,0.78813728,-0.0310526,0,19
1136,354.975,396.407,346.256,388.909,8,123,S113,8,15,1038,417.3121,469.2566,319.558,346.267,388.8257,132.928,12.0017,11.5494,570.0372,0.82053871,0.01397729,0,18
1137,196.336,216.259,187.474,208.935,8,124,S114,8,16,1039,422.6961,475.5734,319.558,187.4904,208.8578,132.133,11.9727,11.5922,330.1619,0.79999194,-0.02054677,0,17
1138,393.236,438.854,384.487,431.38,8,125,S115,8,13,1036,417.6926,468.9323,319.558,384.4974,431.2958,133.009,12.0154,11.5565,627.1759,0.82205837,0.01230082,0,16
1139,234.293,258.992,225.696,251.413,8,126,S116,8,14,1037,423.0767,475.2491,319.558,225.7106,251.3334,132.428,12.0015,11.5955,387.2699,0.80656142,-0.01549695,0,15
1140,311.035,343.692,302.152,336.359,8,127,S117,8,11,1034,418.0732,468.6079,319.558,302.1634,336.2769,132.79,12.0381,11.6005,501.5304,0.81296217,0.0150886,0,14
1141,272.801,301.218,263.923,293.887,8,128,S118,8,12,1035,423.4572,474.9248,319.558,263.9357,293.8062,132.641,12.0226,11.5982,444.4026,0.80975755,-0.00320462,0,13
1142,349.695,385.776,340.382,378.83,8,129,S119,8,9,1032,418.4537,468.2836,319.558,340.3931,378.7464,132.908,12.0494,11.602,558.6707,0.81447765,-0.00216753,0,12
1143,188.883,207.616,181.583,198.853,8,130,S120,8,10,1033,423.8377,474.6004,319.558,181.5988,198.7759,132.058,12.0604,11.6897,318.7699,0.79787357,-0.01660408,0,11
1144,227.58,249.662,219.809,241.329,8,131,S121,8,7,1030,418.8342,467.9593,319.558,219.8229,241.2497,132.373,12.0753,11.6762,375.8926,0.80227821,-0.00282254,0,10
1145,387.93,428.247,378.614,421.299,8,132,S122,8,8,1031,424.2182,474.2761,319.558,378.624,421.2149,133.001,12.0585,11.6033,615.8029,0.81664518,0.01436697,0,9
1146,304.934,333.793,296.269,326.273,8,133,S123,8,5,1028,419.2148,467.6349,319.558,296.2804,326.1903,132.766,12.0933,11.6608,490.1527,0.80812129,-0.00257738,0,8
1147,266.411,291.585,258.038,283.802,8,134,S124,8,6,1029,424.5988,473.9517,319.558,258.0506,283.7207,132.599,12.0855,11.6681,433.0248,0.80510075,-0.00302054,0,7
1148,382.043,418.152,372.734,411.211,8,135,S125,8,3,1026,419.5953,467.3106,319.558,372.7441,411.1268,132.979,12.1035,11.6511,604.4201,0.8123088,0.00126104,0,6
1149,343.382,376.071,334.501,368.742,8,136,S126,8,4,1027,424.9793,473.6274,319.558,334.5118,368.6589,132.881,12.0987,11.6557,547.2832,0.81069867,-0.00161013,0,5
1150,374.248,409.809,366.846,401.115,8,137,S127,8,1,1024,419.9758,466.9862,319.558,366.8564,401.0314,132.971,12.1504,11.701,593.0026,0.81217338,0.0,0,4
1151,335.38,367.925,328.611,358.647,8,138,S128,8,2,1025,425.3598,473.3031,319.558,328.6217,358.5635,132.868,12.1516,11.7113,535.866,0.81104776,-0.00112562,0,3
1152,304.803,504.325,298.402,494.8485,9,3,S1,9,127,1278,344.9102,524.8749,325.171,298.4282,494.7677,133.022,12.4758,12.0346,624.5854,0.99803909,0.0009493,1,68
1153,310.192,511.343,304.117,504.7478,9,4,S2,9,128,1279,349.6506,531.6881,325.171,304.1431,504.6669,133.039,12.481,12.0388,633.4044,0.99689361,-0.00114548,1,67
1154,293.389,484.515,286.972,475.0496,9,5,S3,9,125,1276,345.3207,524.5894,325.171,286.9982,474.9692,132.984,12.4639,12.0255,601.7522,0.99613861,0.00102653,1,66
1155,299.105,494.415,292.687,484.9491,9,6,S4,9,126,1277,350.061,531.4025,325.171,292.713,484.8683,133.003,12.4698,12.0302,613.1692,0.99708979,0.00095118,1,65
1156,281.977,464.704,275.542,455.25,9,7,S5,9,123,1274,345.7311,524.3038,325.171,275.568,455.17,132.946,12.4518,12.0158,578.9215,0.99408439,0.00111498,1,64
1157,287.693,474.604,281.257,465.15,9,8,S6,9,124,1275,350.4715,531.1169,325.171,281.2828,465.0697,132.973,12.4588,12.0207,590.3374,0.99511208,0.00102769,1,63
1158,270.566,444.891,264.111,435.451,9,9,S7,9,121,1272,346.1415,524.0182,325.171,264.1374,435.3707,132.905,12.4383,12.0053,556.0923,0.99185803,0.00121245,1,62
1159,276.283,454.79,269.826,445.351,9,10,S8,9,122,1273,350.8819,530.8314,325.171,269.8524,445.2705,132.93,12.4458,12.0109,567.5066,0.99296941,0.00111138,1,61
1160,259.158,425.076,252.68,415.651,9,11,S9,9,119,1270,346.552,523.7327,325.171,252.7066,415.5711,132.866,12.4239,11.9944,533.2662,0.9894343,0.00126532,1,60
1161,264.874,434.976,258.396,425.551,9,12,S10,9,120,1271,351.2923,530.5458,325.171,258.422,425.4712,132.888,12.4315,12.0001,544.6792,0.99064558,0.00121128,1,59
1162,247.751,405.258,241.249,395.85,9,13,S11,9,117,1268,346.9624,523.4471,325.171,241.2759,395.7708,132.815,12.408,11.9814,510.4414,0.98678893,0.00138368,1,58
1163,253.442,415.175,246.965,405.75,9,14,S12,9,118,1269,351.7028,530.2603,325.171,246.9916,405.6709,132.844,12.4169,11.9879,521.8531,0.98816898,0.00138005,1,57
1164,236.319,385.457,229.818,376.049,9,15,S13,9,115,1266,347.3728,523.1615,325.171,229.8451,375.9701,132.769,12.3915,11.9676,487.6209,0.98395794,0.00151899,1,56
1165,242.035,395.357,235.534,385.95,9,16,S14,9,116,1267,352.1132,529.9747,325.171,235.56,385.8707,132.786,12.3993,11.9749,499.0303,0.98540525,0.00144731,1,55
1166,224.914,365.636,218.386,356.247,9,17,S15,9,113,1264,347.7833,522.876,325.171,218.4136,356.1689,132.704,12.3706,11.952,464.8031,0.98077678,0.00167365,1,54
1167,230.603,375.555,224.102,366.148,9,18,S16,9,114,1265,352.5236,529.6891,325.171,224.1291,366.0696,132.741,12.3815,11.9595,476.211,0.98243895,0.00166217,1,53
1168,213.481,345.832,206.955,336.444,9,19,S17,9,111,1262,348.1937,522.5904,325.171,206.9818,336.3666,132.633,12.3487,11.9343,441.9889,0.97734122,0.00185463,1,52
1169,219.197,355.734,212.671,346.346,9,20,S18,9,112,1263,352.9341,529.4036,325.171,212.698,346.2677,132.67,12.3604,11.9441,453.3951,0.97910313,0.00176191,1,51
1170,202.077,326.008,195.522,316.641,9,21,S19,9,109,1260,348.6041,522.3049,325.171,195.5499,316.5636,132.566,12.3249,11.9162,419.1803,0.97344771,0.00216994,1,50
1171,207.764,335.929,201.238,326.543,9,22,S20,9,110,1261,353.3445,529.118,325.171,201.2658,326.4653,132.602,12.3377,11.9246,430.5829,0.97548659,0.00203888,1,49
1172,190.678,306.179,184.089,296.836,9,23,S21,9,107,1258,349.0145,522.0193,325.171,184.1173,296.7595,132.481,12.2963,11.8934,396.3775,0.96908863,0.00243837,1,48
1173,196.395,316.082,189.806,306.739,9,24,S22,9,108,1259,353.7549,528.8324,325.171,189.8337,306.6618,132.523,12.3106,11.9048,407.7783,0.97127777,0.00218914,1,47
1174,179.282,286.346,172.656,277.03,9,25,S23,9,105,1256,349.425,521.7337,325.171,172.6842,276.9543,132.378,12.2635,11.8683,373.5815,0.96418482,-0.01684226,1,46
1175,184.999,296.25,178.373,286.933,9,26,S24,9,106,1257,354.1653,528.5469,325.171,178.4008,286.8572,132.431,12.2806,11.8813,384.9788,0.96665026,0.00246544,1,45
1176,314.858,498.11,308.529,488.5986,9,27,S25,9,103,1254,349.8354,521.4482,325.171,308.5537,488.5172,133.012,12.2578,11.8073,624.9234,0.97912597,0.01756106,1,44
1177,318.548,505.76,314.249,498.503,9,28,S26,9,104,1255,354.5758,528.2613,325.171,314.2735,498.4215,133.033,12.2679,11.8162,633.3322,0.98102708,0.00190111,1,43
1178,309.463,487.995,302.809,478.6939,9,29,S27,9,101,1252,350.2458,521.1626,325.171,302.8336,478.6127,132.997,12.2486,11.7981,613.5199,0.97722918,0.00072923,1,42
1179,173.564,276.441,166.939,267.126,9,30,S28,9,102,1253,354.9862,527.9757,325.171,166.9669,267.0513,132.318,12.2459,11.8539,362.1852,0.96156491,-0.01566427,1,41
1180,167.89,266.507,161.222,257.222,9,31,S29,9,99,1250,350.6563,520.877,325.171,161.2502,257.1473,132.264,12.2267,11.8385,350.7931,0.95862464,-0.01580478,1,40
1181,303.441,478.285,297.089,468.789,9,32,S30,9,100,1251,355.3966,527.6902,325.171,297.1133,468.7079,132.981,12.2378,11.789,602.1027,0.97649995,0.01787531,1,39
1182,292.013,458.465,285.648,448.978,9,33,S31,9,97,1248,351.0667,520.5915,325.171,285.6725,448.8971,132.948,12.216,11.7688,579.2844,0.9736876,0.0180447,1,38
1183,298.07,468.153,291.368,458.884,9,34,S32,9,98,1249,355.8071,527.4046,325.171,291.3929,458.8028,132.967,12.2279,11.7791,590.7018,0.97442942,0.00074182,1,37
1184,286.654,448.322,279.927,439.072,9,37,S33,9,95,1246,351.8876,520.0203,325.171,279.951,438.9916,132.935,12.2047,11.7585,567.8848,0.97144905,0.00080746,1,34
1185,162.171,256.601,155.504,247.317,9,38,S34,9,96,1247,356.6279,526.8335,325.171,155.533,247.2432,132.198,12.2058,11.823,339.4011,0.9556429,-0.01580615,1,33
1186,156.452,246.694,149.786,237.412,9,39,S35,9,93,1244,352.298,519.7348,325.171,149.8154,237.3385,132.126,12.1831,11.8046,328.0115,0.95245231,-0.01576481,1,32
1187,280.585,438.642,274.205,429.166,9,40,S36,9,94,1245,357.0384,526.5479,325.171,274.2298,429.0854,132.904,12.1912,11.7477,556.4686,0.97064159,0.01818928,1,31
1188,150.783,236.753,144.068,227.506,9,41,S37,9,91,1242,352.7084,519.4492,325.171,144.0974,227.4333,132.051,12.1588,11.7859,316.627,0.94884131,-0.01768688,1,30
1189,275.238,428.489,268.484,419.259,9,42,S38,9,92,1243,357.4488,526.2624,325.171,268.508,419.1789,132.889,12.1791,11.7359,545.0717,0.96821712,0.01937581,1,29
1190,263.433,408.909,257.039,399.445,9,43,S39,9,89,1240,353.1188,519.1636,325.171,257.0637,399.3645,132.846,12.1513,11.7113,522.2513,0.96559103,0.02043129,1,28
1191,269.516,418.581,262.761,409.352,9,44,S40,9,90,1241,357.8592,525.9768,325.171,262.7861,409.272,132.857,12.1651,11.7234,533.6664,0.96652819,0.00093716,1,27
1192,258.1,398.744,251.316,389.537,9,45,S41,9,87,1238,353.5293,518.8781,325.171,251.3405,389.4567,132.824,12.1368,11.6965,510.8595,0.96285563,0.02190504,1,26
1193,145.063,226.845,138.35,217.6,9,46,S42,9,88,1239,358.2696,525.6912,325.171,138.3794,217.5273,131.97,12.132,11.765,305.2439,0.94515974,-0.01769589,1,25
1194,252.409,388.812,245.593,379.628,9,47,S43,9,85,1236,353.9397,518.5925,325.171,245.6175,379.5482,132.787,12.1198,11.6838,499.4575,0.96085021,0.02449434,1,24
1195,139.402,216.897,132.631,207.692,9,48,S44,9,86,1237,358.6801,525.4057,325.171,132.6608,207.6206,131.879,12.1019,11.7423,293.8676,0.94095059,-0.01989962,1,23
1196,246.685,378.901,239.869,369.719,9,49,S45,9,83,1234,354.3501,518.307,325.171,239.8938,369.6393,132.765,12.1041,11.6687,488.0558,0.95883116,0.00113724,1,22
1197,133.75,206.939,126.911,197.784,9,50,S46,9,84,1235,359.0905,525.1201,325.171,126.9421,197.7128,131.774,12.0702,11.7168,282.4941,0.93635587,-0.02247529,1,21
1198,128.027,197.028,121.192,187.874,9,51,S47,9,81,1232,354.7606,518.0214,325.171,121.2224,187.8046,131.658,12.033,11.6894,271.1226,0.93168936,-0.02271617,1,20
1199,240.573,369.249,234.145,359.809,9,52,S48,9,82,1233,359.5009,524.8345,325.171,234.169,359.73,132.736,12.0869,11.6527,476.6446,0.95769392,0.02600456,1,19
1200,122.388,187.057,115.471,177.964,9,53,S49,9,79,1230,355.171,517.7358,325.171,115.5025,177.8943,131.523,11.9924,11.6595,259.7599,0.92621709,-0.02575142,1,18
1201,235.271,359.054,228.42,349.899,9,54,S50,9,80,1231,359.9114,524.549,325.171,228.4443,349.8197,132.706,12.068,11.636,465.2581,0.95440553,0.02818844,1,17
1202,116.764,177.073,109.75,168.051,9,55,S51,9,77,1228,355.5814,517.4503,325.171,109.7814,167.9832,131.381,11.9482,11.6246,248.4045,0.92016464,-0.02923241,1,16
1203,229.585,349.115,222.694,339.988,9,56,S52,9,78,1229,360.3218,524.2634,325.171,222.7192,339.9086,132.674,12.0491,11.6184,453.8625,0.95196851,0.03180387,1,15
1204,328.646,499.013,324.253,492.0547,9,57,S53,9,75,1226,355.9919,517.1647,325.171,324.2754,491.9728,133.036,12.0511,11.589,633.4576,0.96185397,0.0138131,1,14
1205,223.901,339.172,216.968,330.076,9,58,S54,9,76,1227,360.7322,523.9778,325.171,216.9928,329.9972,132.642,12.0286,11.6006,442.4676,0.94939705,-0.01245692,1,13
1206,325.175,491.434,318.525,482.1415,9,59,S55,9,73,1224,356.4023,516.8791,325.171,318.548,482.0596,133.014,12.036,11.5756,625.2572,0.959474,0.0010203,1,12
1207,217.734,329.555,211.241,320.163,9,60,S56,9,74,1225,361.1427,523.6923,325.171,211.2659,320.0844,132.605,12.0065,11.5798,431.0585,0.94804087,-0.01143313,1,11
1208,212.033,319.622,205.513,310.249,9,61,S57,9,71,1222,356.8127,516.5936,325.171,205.5383,310.1713,132.562,11.9833,11.559,419.6665,0.94526985,-0.01083976,1,10
1209,319.137,481.728,312.798,472.2276,9,62,S58,9,72,1223,361.5531,523.4067,325.171,312.8206,472.1458,133.0,12.022,11.5614,613.8439,0.9584537,0.01318385,1,9
1210,111.164,167.067,104.027,158.137,9,63,S59,9,69,1220,357.2231,516.308,325.171,104.0598,158.0703,131.226,11.9539,11.5873,237.0563,0.91339574,-0.04095722,1,8
1211,313.741,471.589,307.07,462.313,9,64,S60,9,70,1221,361.9635,523.1211,325.171,307.0925,462.2312,132.985,12.0069,11.5477,602.4472,0.95610961,0.04271387,1,7
1212,206.762,309.392,199.785,300.335,9,65,S61,9,67,1218,357.6336,516.0224,325.171,199.8099,300.2569,132.528,11.9585,11.5371,408.2909,0.94106463,-0.01141083,1,6
1213,308.012,461.673,301.341,452.398,9,66,S62,9,68,1219,362.3739,522.8356,325.171,301.3635,452.3162,132.971,11.9911,11.5323,591.0433,0.95435296,0.01328833,1,5
1214,200.574,299.791,194.055,290.419,9,67,S63,9,65,1216,358.044,515.7369,325.171,194.0802,290.3417,132.478,11.9314,11.5136,396.8877,0.93941871,-0.01115996,1,4
1215,302.307,451.739,295.611,442.482,9,68,S64,9,66,1217,362.7844,522.55,325.171,295.634,442.4003,132.949,11.9741,11.5164,579.6405,0.95247546,0.01305675,1,3
1216,105.596,157.033,98.304,148.221,9,73,S65,9,63,1214,359.2753,514.8802,325.171,98.3373,148.1555,131.029,11.9598,11.5526,225.7177,0.90575845,-0.04278542,0,68
1217,296.575,441.822,289.881,432.565,9,74,S66,9,64,1215,364.0157,521.6933,325.171,289.9035,432.4836,132.932,11.9574,11.4997,568.238,0.95057867,0.04482022,0,67
1218,195.353,289.519,188.324,280.502,9,75,S67,9,61,1212,359.6857,514.5946,325.171,188.3498,280.425,132.429,11.9138,11.488,385.5187,0.93462345,0.03761773,0,66
1219,290.87,431.885,284.15,422.647,9,76,S68,9,62,1213,364.4261,521.4078,325.171,284.1725,422.5663,132.903,11.938,11.4835,556.8371,0.94854387,0.01392042,0,65
1220,285.493,421.721,278.418,412.729,9,77,S69,9,59,1210,360.0962,514.309,325.171,278.4413,412.6475,132.889,11.9197,11.4649,545.4463,0.94569284,0.01491083,0,64
1221,100.079,146.957,92.579,138.303,9,78,S70,9,60,1211,364.8365,521.1222,325.171,92.6128,138.2384,130.823,11.9664,11.5175,214.3927,0.89700572,-0.04868712,0,63
1222,279.433,412.026,272.686,402.809,9,79,S71,9,57,1208,360.5066,514.0235,325.171,272.7081,402.7284,132.864,11.8992,11.4462,534.0389,0.9442711,0.0153451,0,62
1223,189.747,279.51,182.592,270.584,9,80,S72,9,58,1209,365.247,520.8366,325.171,182.618,270.5072,132.379,11.916,11.4628,374.1398,0.93078201,-0.01348909,0,61
1224,273.73,402.083,266.952,392.889,9,81,S73,9,55,1206,360.917,513.7379,325.171,266.9749,392.808,132.846,11.8955,11.426,522.6419,0.94195577,0.05519198,0,60
1225,183.478,269.963,176.859,260.664,9,82,S74,9,56,1207,365.6574,520.5511,325.171,176.8849,260.588,132.32,11.9182,11.4385,362.739,0.928926,-0.01302977,0,59
1226,267.995,392.161,261.218,382.967,9,83,S75,9,53,1204,361.3274,513.4524,325.171,261.24,382.8867,132.814,11.8959,11.4088,511.2459,0.939612,0.01663701,0,58
1227,94.642,136.814,86.852,128.381,9,84,S76,9,54,1205,366.0678,520.2655,325.171,86.8874,128.3187,130.563,11.972,11.4839,203.0845,0.88676379,-0.05284821,0,57
1228,89.344,126.554,81.123,118.456,9,85,S77,9,51,1202,361.7379,513.1668,325.171,81.1596,118.3955,130.267,11.9785,11.4509,191.7995,0.87436812,-0.06173713,0,56
1229,178.351,259.611,171.125,250.743,9,86,S78,9,52,1203,366.4782,519.9799,325.171,171.1501,250.667,132.263,11.9212,11.4163,351.384,0.92297499,0.04860687,0,55
1230,172.799,249.552,165.388,240.82,9,87,S79,9,49,1200,362.1483,512.8812,325.171,165.4143,240.7442,132.202,11.9241,11.3945,340.0166,0.91814303,-0.01618077,0,54
1231,262.691,381.934,255.482,373.044,9,88,S80,9,50,1201,366.8887,519.6944,325.171,255.5046,372.9641,132.793,11.8977,11.3901,499.8626,0.93610525,0.01796222,0,53
1232,166.486,240.033,159.65,230.895,9,89,S81,9,47,1198,362.5587,512.5957,325.171,159.676,230.8201,132.125,11.9272,11.3755,328.621,0.9158141,-0.02688266,0,52
1233,256.63,372.235,249.746,363.12,9,90,S82,9,48,1199,367.2991,519.4088,325.171,249.7682,363.0401,132.773,11.8998,11.3751,488.4594,0.9343238,0.0185097,0,51
1234,250.892,362.309,244.008,353.195,9,91,S83,9,45,1196,362.9692,512.3101,325.171,244.0303,353.1148,132.729,11.8997,11.359,477.0682,0.93162993,-0.00877589,0,50
1235,338.743,492.266,334.124,485.4058,9,92,S84,9,46,1197,367.7095,519.1232,325.171,334.145,485.3234,133.035,11.8857,11.3645,633.8151,0.94269676,0.01106683,0,49
1236,84.327,116.065,75.3915,108.526,9,93,S85,9,43,1194,363.3796,512.0245,325.171,75.4293,108.4681,129.907,11.9848,11.4168,180.5577,0.85841815,-0.08000705,0,48
1237,335.056,484.75,328.387,475.4798,9,94,S86,9,44,1195,368.12,518.8377,325.171,328.4077,475.3976,133.018,11.8864,11.3519,625.5687,0.94040582,0.08198767,0,47
1238,245.196,352.35,238.268,343.268,9,95,S87,9,41,1192,363.79,511.739,325.171,238.2907,343.1883,132.704,11.9018,11.346,465.6794,0.92868963,0.02141888,0,46
1239,329.318,474.823,322.648,465.553,9,96,S88,9,42,1193,368.5304,518.5521,325.171,322.6692,465.4707,133.004,11.8875,11.3408,614.1686,0.9384252,0.00973557,0,45
1240,323.904,464.663,316.909,455.625,9,97,S89,9,39,1190,364.2005,511.4534,325.171,316.93,455.5424,132.976,11.8875,11.3302,602.7755,0.93570765,0.0101141,0,44
1241,161.73,229.391,153.909,220.968,9,98,S90,9,40,1191,368.9408,518.2665,325.171,153.9355,220.8932,132.045,11.9299,11.3648,317.2958,0.90727075,-0.0284369,0,43
1242,317.861,454.947,311.169,445.695,9,99,S91,9,37,1188,364.6109,511.1678,325.171,311.1895,445.6131,132.97,11.889,11.3425,591.3696,0.93418698,0.02938671,0,42
1243,239.501,342.386,232.528,333.339,9,100,S92,9,38,1189,369.3513,517.981,325.171,232.5502,333.2598,132.667,11.9029,11.3493,454.2914,0.92559355,-0.00859343,0,41
1244,233.871,332.373,226.785,323.409,9,101,S93,9,35,1186,365.0213,510.8823,325.171,226.8079,323.3299,132.643,11.9054,11.3672,442.9082,0.92215451,-0.00901351,0,40
1245,155.307,219.948,148.167,211.038,9,102,S94,9,36,1187,369.7617,517.6954,325.171,148.1932,210.9639,131.965,11.9331,11.3914,305.9013,0.90480027,-0.01735424,0,39
1246,227.663,322.774,221.041,313.477,9,103,S95,9,33,1184,365.4317,510.5967,325.171,221.0639,313.3978,132.604,11.9062,11.3896,431.5093,0.92018094,-0.00936296,0,38
1247,312.497,444.746,305.427,435.764,9,104,S96,9,34,1185,370.1721,517.4099,325.171,305.4477,435.6824,132.951,11.8899,11.3562,579.9807,0.93116802,0.01098708,0,37
1248,149.559,210.012,142.421,201.105,9,107,S97,9,31,1182,366.2526,510.0256,325.171,142.4477,201.032,131.876,11.9365,11.4238,294.5417,0.89930282,0.06430771,0,34
1249,306.43,435.044,299.684,425.832,9,108,S98,9,32,1183,370.993,516.8387,325.171,299.7046,425.7504,132.927,11.8906,11.3718,568.576,0.9295439,0.03024108,0,33
1250,301.095,424.815,293.94,415.898,9,109,S99,9,29,1180,366.663,509.74,325.171,293.9607,415.8166,132.908,11.8914,11.3906,557.1907,0.9262348,0.01342437,0,32
1251,80.015,105.002,70.1809,98.217,9,110,S100,9,30,1181,371.4034,516.5532,325.171,70.2133,98.1529,144.014,13.3338,11.5447,169.4131,0.83499511,-0.09123969,0,31
1252,144.922,199.242,136.672,191.169,9,111,S101,9,27,1178,367.0735,509.4545,325.171,136.6991,191.0968,131.767,11.9391,11.4621,283.2417,0.8884626,-0.03488125,0,30
1253,223.252,311.866,215.295,303.543,9,112,S102,9,28,1179,371.8138,516.2676,325.171,215.3177,303.4642,132.561,11.9082,11.4124,420.1694,0.91281043,0.02434783,0,29
1254,217.07,302.241,209.547,293.606,9,113,S103,9,25,1176,367.4839,509.1689,325.171,209.5699,293.528,132.524,11.9097,11.4421,408.7747,0.91037738,-0.0109963,0,28
1255,295.511,414.76,288.194,405.963,9,114,S104,9,26,1177,372.2243,515.982,325.171,288.215,405.8813,132.889,11.8927,11.4117,545.8002,0.92334385,0.01296647,0,27
1256,138.21,190.01,130.92,181.23,9,115,S105,9,23,1174,367.8943,508.8833,325.171,130.9468,181.1579,131.654,11.9418,11.5096,271.8448,0.88620929,-0.01982406,0,26
1257,289.474,405.031,282.447,396.026,9,116,S106,9,24,1175,372.6347,515.6965,325.171,282.4676,395.9447,132.866,11.8937,11.4362,534.3999,0.92137368,0.03516439,0,25
1258,284.416,394.585,276.698,386.087,9,117,S107,9,21,1172,368.3048,508.5978,325.171,276.7191,386.0055,132.844,11.911,11.4632,523.0267,0.91699795,0.01275202,0,24
1259,211.454,292.197,203.797,283.667,9,118,S108,9,22,1173,373.0451,515.4109,325.171,203.8198,283.5892,132.479,11.9109,11.475,397.4012,0.90603335,-0.0109646,0,23
1260,278.26,384.938,270.948,376.146,9,119,S109,9,19,1170,368.7152,508.3122,325.171,270.9682,376.065,132.813,11.9343,11.4899,511.6259,0.91508081,-0.00914645,0,22
1261,204.964,282.798,198.044,273.726,9,120,S110,9,20,1171,373.4556,515.1253,325.171,198.067,273.6482,132.422,11.9229,11.5135,386.0007,0.90424593,-0.01083488,0,21
1262,132.449,180.063,125.163,171.286,9,121,S111,9,17,1168,369.1256,508.0266,325.171,125.1902,171.2151,131.527,11.9451,11.5632,260.5024,0.87919554,-0.03263478,0,20
1263,348.492,485.752,343.859,478.5589,9,122,S112,9,18,1169,373.866,514.8398,325.171,343.8784,478.4762,133.038,11.9412,11.4768,634.3811,0.92422726,0.04503172,0,19
1264,345.64,477.252,338.109,468.617,9,123,S113,9,15,1166,369.536,507.7411,325.171,338.1278,468.5338,133.015,11.9607,11.4994,625.8851,0.91968248,0.02275398,0,18
1265,272.605,374.92,265.195,366.203,9,124,S114,9,16,1167,374.2764,514.5542,325.171,265.2158,366.122,132.797,11.9601,11.5193,500.2402,0.91183032,-0.00785216,0,17
1266,126.892,169.947,119.401,161.337,9,125,S115,9,13,1164,369.9465,507.4555,325.171,119.4286,161.2673,131.388,11.9475,11.6318,249.1762,0.87048053,-0.04623044,0,16
1267,200.101,272.182,192.289,263.782,9,126,S116,9,14,1165,374.6868,514.2686,325.171,192.3113,263.704,132.379,11.958,11.5531,374.6603,0.8969285,0.02644797,0,15
1268,267.54,364.457,259.441,356.258,9,127,S117,9,11,1162,370.3569,507.1699,325.171,259.4611,356.1772,132.763,11.9865,11.5488,488.8725,0.90691701,0.01468907,0,14
1269,340.188,467.084,332.356,458.673,9,128,S118,9,12,1163,375.0973,513.9831,325.171,332.3756,458.5901,132.998,11.9818,11.5226,614.4958,0.91671097,0.00979396,0,13
1270,334.709,456.93,326.603,448.727,9,129,S119,9,9,1160,370.7673,506.8844,325.171,326.6219,448.644,132.986,12.0029,11.5467,603.1067,0.91367689,0.00859855,0,12
1271,194.339,262.23,186.53,253.834,9,130,S120,9,10,1161,375.5077,513.6975,325.171,186.5524,253.7569,132.327,11.9945,11.5977,363.2921,0.89222794,-0.02144895,0,11
1272,328.259,447.495,320.847,438.779,9,131,S121,9,7,1158,371.1778,506.5988,325.171,320.8663,438.6964,132.963,12.0259,11.5722,591.6969,0.91256746,0.02217042,0,10
1273,261.206,354.936,253.684,346.31,9,132,S122,9,8,1159,375.9181,513.4119,325.171,253.7044,346.2295,132.741,12.0152,11.5805,477.4716,0.90507834,-0.00748912,0,9
1274,255.444,344.983,247.925,336.36,9,133,S123,9,5,1156,371.5882,506.3132,325.171,247.9452,336.2792,132.698,12.043,11.615,466.0879,0.90161214,-0.00682742,0,8
1275,187.685,252.951,180.767,243.883,9,134,S124,9,6,1157,376.3286,513.1264,325.171,180.7902,243.8058,132.261,12.0333,11.643,351.8927,0.89039704,-0.0112151,0,7
1276,249.005,335.54,242.163,326.407,9,135,S125,9,3,1154,371.9986,506.0277,325.171,242.1829,326.3266,132.668,12.0747,11.6492,454.6878,0.89983589,-0.00734647,0,6
1277,323.191,437.025,315.09,428.829,9,136,S126,9,4,1155,376.739,512.8408,325.171,315.1092,428.7465,132.948,12.0494,11.5977,580.3191,0.90843956,0.00860367,0,5
1278,310.239,418.19,303.57,408.922,9,137,S127,9,1,1152,372.4091,505.7421,325.171,303.5883,408.8402,132.916,12.1,11.6539,557.5034,0.90598243,0.0,0,4
1279,316.739,427.589,309.331,418.877,9,138,S128,9,2,1153,377.1494,512.5553,325.171,309.3497,418.7946,132.93,12.0741,11.6252,568.911,0.90718236,0.00119993,0,3
